payment_id,order_id,customer_id,amount,currency,payment_date,status,refund_amount
pay_216739_000000,order_126225_000000,cust_877572_000000,42098,INR,2024-01-01T00:21:00,captured,0
pay_246316_000001,order_872246_000001,cust_207473_000001,888323,INR,2023-12-31T23:28:00,captured,0
pay_671858_000002,order_191161_000002,cust_719176_000002,116663,INR,2024-01-01T01:54:00,captured,0
pay_198246_000003,order_329258_000003,cust_343962_000003,415631,INR,2024-01-01T01:03:00,captured,0
pay_688508_000004,order_308496_000004,cust_850800_000004,467696,INR,2024-01-01T01:03:00,captured,0
pay_539898_000005,order_331148_000005,cust_571029_000005,245852,INR,2024-01-01T03:09:00,captured,0
pay_106814_000006,order_895667_000006,cust_944962_000006,65392,INR,2024-01-01T04:43:00,captured,0
pay_391369_000007,order_263032_000007,cust_325772_000007,676472,INR,2024-01-01T04:43:00,captured,0
pay_197251_000008,order_498382_000008,cust_201414_000008,55082,INR,2024-01-01T04:13:00,captured,0
pay_377370_000009,order_946335_000009,cust_145561_000009,740870,INR,2024-01-01T06:17:00,captured,0
pay_230889_000010,order_496922_000010,cust_182627_000010,253709,INR,2024-01-01T07:08:00,captured,0
pay_759176_000011,order_748564_000011,cust_479201_000011,200814,INR,2024-01-01T07:46:00,captured,0
pay_172933_000012,order_148050_000012,cust_793384_000012,47930,INR,2024-01-01T08:30:00,captured,0
pay_996865_000013,order_344098_000013,cust_205907_000013,46434,INR,2024-01-01T08:10:00,captured,0
pay_766563_000014,order_974628_000014,cust_482554_000014,58520,INR,2024-01-01T09:58:00,captured,0
pay_319684_000015,order_802729_000015,cust_379946_000015,991076,INR,2024-01-01T09:45:00,captured,0
pay_779514_000016,order_174870_000016,cust_738720_000016,189725,INR,2024-01-01T11:27:00,captured,0
pay_864544_000017,order_356702_000017,cust_271339_000017,298943,INR,2024-01-01T12:08:00,captured,0
pay_771088_000018,order_821590_000018,cust_684004_000018,99733,INR,2024-01-01T11:34:00,captured,0
pay_983794_000019,order_905635_000019,cust_913694_000019,40021,INR,2024-01-01T12:41:00,captured,0
pay_133659_000020,order_944151_000020,cust_430776_000020,240373,INR,2024-01-01T14:45:00,captured,0
pay_321231_000021,order_694731_000021,cust_852787_000021,37869,INR,2024-01-01T14:08:00,captured,0
pay_623481_000022,order_514850_000022,cust_774079_000022,174905,INR,2024-01-01T15:23:00,captured,0
pay_246413_000023,order_358607_000023,cust_881177_000023,382579,INR,2024-01-01T15:33:00,captured,0
pay_883300_000024,order_712982_000024,cust_549245_000024,309400,INR,2024-01-01T16:33:00,captured,0
pay_329974_000025,order_245051_000025,cust_634277_000025,147662,INR,2024-01-01T17:46:00,captured,0
pay_149405_000026,order_214975_000026,cust_260265_000026,183876,INR,2024-01-01T18:36:00,captured,0
pay_813536_000027,order_542666_000027,cust_725380_000027,60432,INR,2024-01-01T19:41:00,captured,0
pay_724834_000028,order_590785_000028,cust_654816_000028,82512,INR,2024-01-01T19:48:00,captured,0
pay_112038_000029,order_813328_000029,cust_855731_000029,99353,INR,2024-01-01T20:50:00,captured,0
pay_663054_000030,order_887352_000030,cust_379786_000030,836048,INR,2024-01-01T21:53:00,captured,0
pay_216970_000031,order_407757_000031,cust_555884_000031,69470,INR,2024-01-01T21:43:00,captured,0
pay_857168_000032,order_854639_000032,cust_376183_000032,499487,INR,2024-01-01T22:00:00,captured,0
pay_632342_000033,order_211579_000033,cust_755674_000033,93748,INR,2024-01-01T22:22:00,captured,0
pay_738551_000034,order_308573_000034,cust_260263_000034,31174,INR,2024-01-02T00:04:00,captured,0
pay_916449_000035,order_656116_000035,cust_100599_000035,269951,INR,2024-01-02T01:09:00,captured,0
pay_120422_000036,order_217301_000036,cust_480612_000036,41385,INR,2024-01-02T01:02:00,captured,0
pay_352572_000037,order_694916_000037,cust_182582_000037,73699,INR,2024-01-02T01:07:00,captured,0
pay_172574_000038,order_897549_000038,cust_658582_000038,565934,INR,2024-01-02T03:44:00,captured,0
pay_791798_000039,order_598369_000039,cust_676510_000039,44741,INR,2024-01-02T03:16:00,captured,0
pay_736059_000040,order_543692_000040,cust_322086_000040,495976,INR,2024-01-02T04:07:00,captured,0
pay_823378_000041,order_310922_000041,cust_847581_000041,62296,INR,2024-01-02T05:33:00,captured,0
pay_781446_000042,order_491559_000042,cust_559381_000042,336708,INR,2024-01-02T06:25:00,captured,0
pay_359947_000043,order_335612_000043,cust_167136_000043,12757,INR,2024-01-02T05:15:00,captured,0
pay_680828_000044,order_341292_000044,cust_717024_000044,10942,INR,2024-01-02T07:15:00,captured,0
pay_842225_000045,order_761759_000045,cust_161733_000045,18834,INR,2024-01-02T07:09:00,captured,0
pay_132938_000046,order_446479_000046,cust_174299_000046,224782,INR,2024-01-02T09:55:00,captured,0
pay_801474_000047,order_608993_000047,cust_324643_000047,169369,INR,2024-01-02T08:35:00,captured,0
pay_698782_000048,order_704201_000048,cust_595631_000048,71993,INR,2024-01-02T10:32:00,captured,0
pay_526833_000049,order_299659_000049,cust_198907_000049,96374,INR,2024-01-02T11:43:00,captured,0
pay_471507_000050,order_544154_000050,cust_531071_000050,482245,INR,2024-01-02T11:55:00,captured,0
pay_806073_000051,order_785197_000051,cust_777568_000051,17944,INR,2024-01-02T11:06:00,captured,0
pay_863587_000052,order_455784_000052,cust_939482_000052,42591,INR,2024-01-02T12:51:00,captured,0
pay_299448_000053,order_662336_000053,cust_570405_000053,65296,INR,2024-01-02T13:24:00,captured,0
pay_392075_000054,order_585100_000054,cust_361941_000054,68082,INR,2024-01-02T13:23:00,captured,0
pay_997546_000055,order_677057_000055,cust_202664_000055,95477,INR,2024-01-02T15:43:00,captured,0
pay_976638_000056,order_115474_000056,cust_197793_000056,944960,INR,2024-01-02T16:09:00,captured,0
pay_274389_000057,order_526156_000057,cust_609231_000057,212065,INR,2024-01-02T16:30:00,captured,0
pay_520521_000058,order_161483_000058,cust_272634_000058,10282,INR,2024-01-02T17:50:00,captured,0
pay_378085_000059,order_922157_000059,cust_923267_000059,249552,INR,2024-01-02T17:49:00,captured,0
pay_830429_000060,order_865990_000060,cust_921414_000060,447011,INR,2024-01-02T18:54:00,captured,0
pay_610311_000061,order_262316_000061,cust_299122_000061,38534,INR,2024-01-02T19:31:00,captured,0
pay_707314_000062,order_871476_000062,cust_668532_000062,51104,INR,2024-01-02T19:07:00,captured,0
pay_152578_000063,order_712554_000063,cust_599948_000063,378463,INR,2024-01-02T20:07:00,captured,0
pay_159642_000064,order_632496_000064,cust_184002_000064,18981,INR,2024-01-02T21:20:00,captured,0
pay_171262_000065,order_808011_000065,cust_346629_000065,162855,INR,2024-01-02T22:16:00,captured,0
pay_697347_000066,order_358175_000066,cust_707040_000066,120836,INR,2024-01-03T00:00:00,captured,0
pay_185965_000067,order_539589_000067,cust_789305_000067,396341,INR,2024-01-03T00:19:00,captured,0
pay_431737_000068,order_373432_000068,cust_314181_000068,875490,INR,2024-01-03T00:06:00,captured,0
pay_350280_000069,order_378517_000069,cust_515011_000069,98039,INR,2024-01-03T00:40:00,captured,0
pay_414569_000070,order_579434_000070,cust_431535_000070,990594,INR,2024-01-03T02:22:00,captured,0
pay_109767_000071,order_580547_000071,cust_751332_000071,152418,INR,2024-01-03T02:09:00,captured,0
pay_663750_000072,order_323508_000072,cust_630458_000072,27361,INR,2024-01-03T02:09:00,captured,0
pay_465962_000073,order_172132_000073,cust_356150_000073,47353,INR,2024-01-03T04:59:00,captured,0
pay_559469_000074,order_974244_000074,cust_669605_000074,658606,INR,2024-01-03T04:20:00,captured,0
pay_946305_000075,order_785743_000075,cust_654634_000075,97538,INR,2024-01-03T06:18:00,captured,0
pay_681542_000076,order_413921_000076,cust_795613_000076,27601,INR,2024-01-03T06:44:00,captured,0
pay_221035_000077,order_212235_000077,cust_878480_000077,181499,INR,2024-01-03T06:33:00,captured,0
pay_395442_000078,order_734210_000078,cust_320861_000078,679768,INR,2024-01-03T07:34:00,captured,0
pay_820892_000079,order_765046_000079,cust_994343_000079,76244,INR,2024-01-03T07:26:00,captured,0
pay_363319_000080,order_987204_000080,cust_153266_000080,93136,INR,2024-01-03T09:02:00,captured,0
pay_969634_000081,order_390120_000081,cust_146228_000081,53719,INR,2024-01-03T09:54:00,captured,0
pay_237174_000082,order_768061_000082,cust_374680_000082,67912,INR,2024-01-03T11:38:00,captured,0
pay_839945_000083,order_548462_000083,cust_688153_000083,24663,INR,2024-01-03T11:10:00,captured,0
pay_824586_000084,order_256294_000084,cust_672092_000084,58393,INR,2024-01-03T11:09:00,captured,0
pay_679364_000085,order_255287_000085,cust_550664_000085,15482,INR,2024-01-03T13:14:00,captured,0
pay_482364_000086,order_934794_000086,cust_141832_000086,37535,INR,2024-01-03T12:39:00,captured,0
pay_361650_000087,order_799330_000087,cust_207786_000087,83385,INR,2024-01-03T14:27:00,captured,0
pay_526117_000088,order_750810_000088,cust_885884_000088,41029,INR,2024-01-03T15:53:00,captured,0
pay_270395_000089,order_938742_000089,cust_950155_000089,64040,INR,2024-01-03T16:50:00,captured,0
pay_288073_000090,order_872343_000090,cust_448321_000090,451224,INR,2024-01-03T15:03:00,captured,0
pay_870763_000091,order_950132_000091,cust_360222_000091,30866,INR,2024-01-03T17:50:00,captured,0
pay_835343_000092,order_213346_000092,cust_501124_000092,71694,INR,2024-01-03T18:40:00,captured,0
pay_309267_000093,order_956253_000093,cust_582662_000093,50001,INR,2024-01-03T17:28:00,captured,0
pay_933980_000094,order_338651_000094,cust_333752_000094,96511,INR,2024-01-03T19:45:00,captured,0
pay_517821_000095,order_444207_000095,cust_392136_000095,46585,INR,2024-01-03T19:24:00,captured,0
pay_772642_000096,order_634150_000096,cust_519093_000096,942321,INR,2024-01-03T20:44:00,captured,0
pay_447235_000097,order_128941_000097,cust_220944_000097,33405,INR,2024-01-03T21:08:00,captured,0
pay_378361_000098,order_140115_000098,cust_213668_000098,327836,INR,2024-01-03T22:14:00,captured,0
pay_863934_000099,order_924629_000099,cust_428914_000099,417828,INR,2024-01-03T22:44:00,captured,0
pay_221263_000100,order_503906_000100,cust_704596_000100,43386,INR,2024-01-04T00:05:00,captured,0
pay_843215_000101,order_557239_000101,cust_101773_000101,382303,INR,2024-01-03T23:05:00,captured,0
pay_854377_000102,order_877991_000102,cust_872840_000102,603303,INR,2024-01-04T01:27:00,captured,0
pay_552248_000103,order_173372_000103,cust_796503_000103,91678,INR,2024-01-04T01:46:00,captured,0
pay_795612_000104,order_989208_000104,cust_230679_000104,971883,INR,2024-01-04T01:40:00,captured,0
pay_631756_000105,order_424308_000105,cust_799287_000105,271013,INR,2024-01-04T02:38:00,captured,0
pay_831076_000106,order_410016_000106,cust_681343_000106,35144,INR,2024-01-04T03:51:00,captured,0
pay_797229_000107,order_497562_000107,cust_810219_000107,973330,INR,2024-01-04T04:53:00,captured,0
pay_745414_000108,order_696750_000108,cust_415568_000108,387276,INR,2024-01-04T04:22:00,captured,0
pay_100425_000109,order_418635_000109,cust_400850_000109,66346,INR,2024-01-04T06:46:00,captured,0
pay_708158_000110,order_736130_000110,cust_786508_000110,70946,INR,2024-01-04T07:40:00,captured,0
pay_563638_000111,order_808446_000111,cust_324082_000111,348085,INR,2024-01-04T06:56:00,captured,0
pay_934692_000112,order_871711_000112,cust_277934_000112,144457,INR,2024-01-04T08:41:00,captured,0
pay_640490_000113,order_796101_000113,cust_763686_000113,275735,INR,2024-01-04T08:36:00,captured,0
pay_958179_000114,order_887625_000114,cust_346277_000114,662749,INR,2024-01-04T09:11:00,captured,0
pay_945742_000115,order_308802_000115,cust_254511_000115,16057,INR,2024-01-04T09:28:00,captured,0
pay_598216_000116,order_740967_000116,cust_991014_000116,538182,INR,2024-01-04T10:31:00,captured,0
pay_534572_000117,order_760356_000117,cust_703634_000117,60328,INR,2024-01-04T11:58:00,captured,0
pay_519066_000118,order_355836_000118,cust_254739_000118,460512,INR,2024-01-04T12:03:00,captured,0
pay_887443_000119,order_907451_000119,cust_211764_000119,722899,INR,2024-01-04T12:00:00,captured,0
pay_284430_000120,order_943170_000120,cust_829716_000120,343557,INR,2024-01-04T13:28:00,captured,0
pay_684482_000121,order_361303_000121,cust_989545_000121,69829,INR,2024-01-04T14:06:00,captured,0
pay_940346_000122,order_587213_000122,cust_800005_000122,393037,INR,2024-01-04T14:17:00,captured,0
pay_432711_000123,order_891937_000123,cust_564071_000123,477106,INR,2024-01-04T16:16:00,captured,0
pay_629298_000124,order_547470_000124,cust_970914_000124,333787,INR,2024-01-04T17:54:00,captured,0
pay_266889_000125,order_879779_000125,cust_597732_000125,235891,INR,2024-01-04T18:54:00,captured,0
pay_359249_000126,order_980660_000126,cust_768636_000126,78327,INR,2024-01-04T18:36:00,captured,0
pay_757193_000127,order_350867_000127,cust_387936_000127,140623,INR,2024-01-04T19:02:00,captured,0
pay_399607_000128,order_345884_000128,cust_384913_000128,51904,INR,2024-01-04T20:31:00,captured,0
pay_666390_000129,order_184491_000129,cust_245095_000129,40311,INR,2024-01-04T20:54:00,captured,0
pay_827659_000130,order_260227_000130,cust_840734_000130,18418,INR,2024-01-04T20:49:00,captured,0
pay_527398_000131,order_446954_000131,cust_668969_000131,317985,INR,2024-01-04T21:53:00,captured,0
pay_316881_000132,order_973349_000132,cust_540552_000132,86556,INR,2024-01-04T22:07:00,captured,0
pay_120480_000133,order_998348_000133,cust_902784_000133,299429,INR,2024-01-04T23:29:00,captured,0
pay_106182_000134,order_468845_000134,cust_413118_000134,704465,INR,2024-01-05T00:01:00,captured,0
pay_976325_000135,order_539375_000135,cust_664365_000135,885159,INR,2024-01-05T01:49:00,captured,0
pay_938722_000136,order_732556_000136,cust_331251_000136,215040,INR,2024-01-05T01:09:00,captured,0
pay_557007_000137,order_609232_000137,cust_130434_000137,54057,INR,2024-01-05T01:34:00,captured,0
pay_812131_000138,order_936912_000138,cust_523956_000138,586530,INR,2024-01-05T03:25:00,captured,0
pay_590094_000139,order_233827_000139,cust_752483_000139,114138,INR,2024-01-05T04:47:00,captured,0
pay_513160_000140,order_720644_000140,cust_691807_000140,114209,INR,2024-01-05T04:56:00,captured,0
pay_773971_000141,order_549433_000141,cust_242291_000141,195278,INR,2024-01-05T04:10:00,captured,0
pay_372793_000142,order_497519_000142,cust_443254_000142,69598,INR,2024-01-05T05:06:00,captured,0
pay_453894_000143,order_898207_000143,cust_497542_000143,65255,INR,2024-01-05T05:41:00,captured,0
pay_975467_000144,order_185884_000144,cust_593152_000144,80702,INR,2024-01-05T06:32:00,captured,0
pay_466960_000145,order_335113_000145,cust_781725_000145,95426,INR,2024-01-05T07:06:00,captured,0
pay_890870_000146,order_132537_000146,cust_359295_000146,12671,INR,2024-01-05T08:05:00,captured,0
pay_259784_000147,order_350132_000147,cust_232352_000147,450989,INR,2024-01-05T09:19:00,captured,0
pay_691364_000148,order_328552_000148,cust_587623_000148,634345,INR,2024-01-05T09:14:00,captured,0
pay_486814_000149,order_275939_000149,cust_735324_000149,492128,INR,2024-01-05T11:38:00,captured,0
pay_220096_000150,order_915573_000150,cust_959099_000150,50768,INR,2024-01-05T12:31:00,captured,0
pay_706794_000151,order_126925_000151,cust_427110_000151,455125,INR,2024-01-05T11:13:00,captured,0
pay_493537_000152,order_515922_000152,cust_849747_000152,19961,INR,2024-01-05T13:56:00,captured,0
pay_824161_000153,order_970917_000153,cust_757711_000153,23356,INR,2024-01-05T14:15:00,captured,0
pay_910004_000154,order_416232_000154,cust_991597_000154,814788,INR,2024-01-05T14:29:00,captured,0
pay_226935_000155,order_934904_000155,cust_693423_000155,55508,INR,2024-01-05T15:43:00,captured,0
pay_549186_000156,order_793655_000156,cust_488571_000156,76317,INR,2024-01-05T16:08:00,captured,0
pay_457806_000157,order_113266_000157,cust_990844_000157,357006,INR,2024-01-05T17:22:00,captured,0
pay_554582_000158,order_479781_000158,cust_766459_000158,470833,INR,2024-01-05T16:13:00,captured,0
pay_556641_000159,order_284692_000159,cust_869440_000159,441027,INR,2024-01-05T17:19:00,captured,0
pay_745830_000160,order_947458_000160,cust_664315_000160,753491,INR,2024-01-05T18:34:00,captured,0
pay_556732_000161,order_965845_000161,cust_866536_000161,240716,INR,2024-01-05T18:59:00,captured,0
pay_993085_000162,order_357420_000162,cust_971084_000162,46559,INR,2024-01-05T19:41:00,captured,0
pay_572700_000163,order_355709_000163,cust_886931_000163,398765,INR,2024-01-05T21:52:00,captured,0
pay_800646_000164,order_497399_000164,cust_452737_000164,74789,INR,2024-01-05T22:18:00,captured,0
pay_440802_000165,order_290672_000165,cust_611233_000165,56507,INR,2024-01-05T22:48:00,captured,0
pay_370902_000166,order_456871_000166,cust_393243_000166,467622,INR,2024-01-05T23:42:00,captured,0
pay_389688_000167,order_682789_000167,cust_110644_000167,200168,INR,2024-01-06T00:52:00,captured,0
pay_353080_000168,order_855053_000168,cust_526170_000168,391072,INR,2024-01-05T23:10:00,captured,0
pay_351997_000169,order_824156_000169,cust_599219_000169,473210,INR,2024-01-06T01:37:00,captured,0
pay_569945_000170,order_931450_000170,cust_118080_000170,48566,INR,2024-01-06T02:02:00,captured,0
pay_524045_000171,order_825391_000171,cust_355123_000171,97026,INR,2024-01-06T02:28:00,captured,0
pay_486945_000172,order_596249_000172,cust_680358_000172,280227,INR,2024-01-06T03:14:00,captured,0
pay_882169_000173,order_677124_000173,cust_446859_000173,69473,INR,2024-01-06T03:54:00,captured,0
pay_421517_000174,order_363615_000174,cust_341736_000174,35242,INR,2024-01-06T04:34:00,captured,0
pay_225362_000175,order_878967_000175,cust_661894_000175,861844,INR,2024-01-06T05:40:00,captured,0
pay_300845_000176,order_326895_000176,cust_874483_000176,244965,INR,2024-01-06T05:23:00,captured,0
pay_718226_000177,order_897135_000177,cust_650121_000177,248372,INR,2024-01-06T07:32:00,captured,0
pay_973074_000178,order_303547_000178,cust_410636_000178,57301,INR,2024-01-06T07:12:00,captured,0
pay_416950_000179,order_114835_000179,cust_842411_000179,166365,INR,2024-01-06T07:22:00,captured,0
pay_147726_000180,order_157174_000180,cust_680238_000180,26551,INR,2024-01-06T08:35:00,captured,0
pay_889359_000181,order_614723_000181,cust_207570_000181,85243,INR,2024-01-06T10:21:00,captured,0
pay_592198_000182,order_601968_000182,cust_561865_000182,34164,INR,2024-01-06T10:36:00,captured,0
pay_364742_000183,order_600935_000183,cust_219629_000183,62521,INR,2024-01-06T10:06:00,captured,0
pay_177680_000184,order_705050_000184,cust_760021_000184,528106,INR,2024-01-06T12:02:00,captured,0
pay_256445_000185,order_950544_000185,cust_690180_000185,21164,INR,2024-01-06T12:19:00,captured,0
pay_224205_000186,order_685181_000186,cust_901577_000186,417885,INR,2024-01-06T12:31:00,captured,0
pay_929151_000187,order_748458_000187,cust_336650_000187,773978,INR,2024-01-06T14:16:00,captured,0
pay_572398_000188,order_564226_000188,cust_411797_000188,324830,INR,2024-01-06T14:48:00,captured,0
pay_696251_000189,order_751194_000189,cust_163156_000189,488019,INR,2024-01-06T15:39:00,captured,0
pay_899787_000190,order_317881_000190,cust_755900_000190,44687,INR,2024-01-06T15:12:00,captured,0
pay_185131_000191,order_264686_000191,cust_351516_000191,82350,INR,2024-01-06T17:24:00,captured,0
pay_264136_000192,order_102805_000192,cust_528361_000192,461429,INR,2024-01-06T17:09:00,captured,0
pay_592738_000193,order_405407_000193,cust_134225_000193,47762,INR,2024-01-06T18:16:00,captured,0
pay_396451_000194,order_837135_000194,cust_576086_000194,40595,INR,2024-01-06T19:30:00,captured,0
pay_377405_000195,order_926097_000195,cust_929683_000195,409219,INR,2024-01-06T20:58:00,captured,0
pay_942956_000196,order_307428_000196,cust_545790_000196,81376,INR,2024-01-06T21:24:00,captured,0
pay_779094_000197,order_256226_000197,cust_378535_000197,19359,INR,2024-01-06T20:28:00,captured,0
pay_273982_000198,order_931131_000198,cust_422554_000198,492669,INR,2024-01-06T21:07:00,captured,0
pay_696856_000199,order_402630_000199,cust_560485_000199,71433,INR,2024-01-06T23:45:00,captured,0
pay_418862_000200,order_833723_000200,cust_522060_000000,75597,INR,2024-01-07T00:28:00,captured,0
pay_617781_000201,order_559023_000201,cust_184349_000001,120898,INR,2024-01-07T00:09:00,captured,0
pay_553014_000202,order_870214_000202,cust_437978_000002,231264,INR,2024-01-07T01:53:00,captured,0
pay_195763_000203,order_340044_000203,cust_807053_000003,407821,INR,2024-01-07T01:03:00,captured,0
pay_901909_000204,order_804938_000204,cust_961322_000004,85529,INR,2024-01-07T01:02:00,captured,0
pay_900177_000205,order_893005_000205,cust_283700_000005,372086,INR,2024-01-07T02:05:00,captured,0
pay_563711_000206,order_391668_000206,cust_290305_000006,328529,INR,2024-01-07T04:23:00,captured,0
pay_953797_000207,order_615611_000207,cust_195674_000007,282431,INR,2024-01-07T05:21:00,captured,0
pay_449499_000208,order_436653_000208,cust_802685_000008,31079,INR,2024-01-07T04:52:00,captured,0
pay_531641_000209,order_827369_000209,cust_619536_000009,96846,INR,2024-01-07T05:42:00,captured,0
pay_519904_000210,order_953085_000210,cust_897441_000010,119239,INR,2024-01-07T08:00:00,captured,0
pay_192337_000211,order_429795_000211,cust_364659_000011,25194,INR,2024-01-07T06:58:00,captured,0
pay_523808_000212,order_639593_000212,cust_964998_000012,96200,INR,2024-01-07T08:38:00,captured,0
pay_668950_000213,order_584417_000213,cust_533321_000013,34586,INR,2024-01-07T09:51:00,captured,0
pay_479353_000214,order_752878_000214,cust_893188_000014,427894,INR,2024-01-07T10:06:00,captured,0
pay_896907_000215,order_154118_000215,cust_313446_000015,81987,INR,2024-01-07T09:56:00,captured,0
pay_402020_000216,order_559398_000216,cust_832168_000016,163662,INR,2024-01-07T10:16:00,captured,0
pay_760626_000217,order_738448_000217,cust_938141_000017,30758,INR,2024-01-07T11:03:00,captured,0
pay_677596_000218,order_114338_000218,cust_679077_000018,148868,INR,2024-01-07T11:39:00,captured,0
pay_982277_000219,order_218972_000219,cust_583863_000019,94896,INR,2024-01-07T12:28:00,captured,0
pay_261450_000220,order_622584_000220,cust_851413_000020,76698,INR,2024-01-07T14:46:00,captured,0
pay_386706_000221,order_535673_000221,cust_975271_000021,347579,INR,2024-01-07T15:30:00,captured,0
pay_578975_000222,order_678043_000222,cust_251668_000022,34983,INR,2024-01-07T14:31:00,captured,0
pay_728492_000223,order_632929_000223,cust_882544_000023,19150,INR,2024-01-07T16:57:00,captured,0
pay_910208_000224,order_928381_000224,cust_995916_000024,278192,INR,2024-01-07T16:35:00,captured,0
pay_925981_000225,order_632401_000225,cust_380150_000025,47072,INR,2024-01-07T18:59:00,captured,0
pay_413058_000226,order_978157_000226,cust_715448_000026,445999,INR,2024-01-07T18:32:00,captured,0
pay_255813_000227,order_568238_000227,cust_664742_000027,280944,INR,2024-01-07T19:02:00,captured,0
pay_678727_000228,order_899929_000228,cust_669827_000028,69682,INR,2024-01-07T19:42:00,captured,0
pay_437408_000229,order_297816_000229,cust_831380_000029,84946,INR,2024-01-07T20:59:00,captured,0
pay_344907_000230,order_997594_000230,cust_913217_000030,122883,INR,2024-01-07T20:49:00,captured,0
pay_880879_000231,order_595951_000231,cust_839485_000031,60604,INR,2024-01-07T21:40:00,captured,0
pay_930884_000232,order_960616_000232,cust_783691_000032,74923,INR,2024-01-07T23:24:00,captured,0
pay_232378_000233,order_626690_000233,cust_718849_000033,23154,INR,2024-01-07T22:04:00,captured,0
pay_986088_000234,order_561694_000234,cust_204555_000034,339561,INR,2024-01-08T00:51:00,captured,0
pay_857537_000235,order_251157_000235,cust_529893_000035,180929,INR,2024-01-08T00:01:00,captured,0
pay_592296_000236,order_919488_000236,cust_377896_000036,91691,INR,2024-01-08T00:09:00,captured,0
pay_516791_000237,order_781403_000237,cust_184216_000037,98389,INR,2024-01-08T02:28:00,captured,0
pay_659543_000238,order_498468_000238,cust_432043_000038,476814,INR,2024-01-08T03:49:00,captured,0
pay_896290_000239,order_611650_000239,cust_667296_000039,90931,INR,2024-01-08T04:53:00,captured,0
pay_346174_000240,order_761820_000240,cust_817644_000040,39817,INR,2024-01-08T03:08:00,captured,0
pay_194769_000241,order_555052_000241,cust_203225_000041,832266,INR,2024-01-08T05:35:00,captured,0
pay_205389_000242,order_565230_000242,cust_274446_000042,657006,INR,2024-01-08T06:30:00,captured,0
pay_130353_000243,order_148225_000243,cust_440131_000043,48452,INR,2024-01-08T06:55:00,captured,0
pay_493049_000244,order_551607_000244,cust_252640_000044,79621,INR,2024-01-08T06:45:00,captured,0
pay_693418_000245,order_814919_000245,cust_931016_000045,32280,INR,2024-01-08T07:52:00,captured,0
pay_182804_000246,order_739098_000246,cust_501126_000046,458159,INR,2024-01-08T08:22:00,captured,0
pay_621841_000247,order_711484_000247,cust_250069_000047,70443,INR,2024-01-08T08:30:00,captured,0
pay_366314_000248,order_581894_000248,cust_367729_000048,504926,INR,2024-01-08T10:21:00,captured,0
pay_943718_000249,order_587853_000249,cust_401603_000049,786574,INR,2024-01-08T11:55:00,captured,0
pay_177449_000250,order_563187_000250,cust_462351_000050,256842,INR,2024-01-08T11:20:00,captured,0
pay_544920_000251,order_823846_000251,cust_362246_000051,258398,INR,2024-01-08T12:21:00,captured,0
pay_503380_000252,order_994787_000252,cust_606680_000052,41091,INR,2024-01-08T12:25:00,captured,0
pay_699704_000253,order_476395_000253,cust_702733_000053,48696,INR,2024-01-08T13:48:00,captured,0
pay_970357_000254,order_790203_000254,cust_515032_000054,11061,INR,2024-01-08T13:02:00,captured,0
pay_819112_000255,order_916118_000255,cust_880841_000055,89482,INR,2024-01-08T15:12:00,captured,0
pay_620856_000256,order_973294_000256,cust_400096_000056,918832,INR,2024-01-08T16:35:00,captured,0
pay_736553_000257,order_940886_000257,cust_469435_000057,93442,INR,2024-01-08T16:29:00,captured,0
pay_751051_000258,order_362801_000258,cust_810687_000058,877974,INR,2024-01-08T16:24:00,captured,0
pay_791201_000259,order_813928_000259,cust_979060_000059,92345,INR,2024-01-08T18:38:00,captured,0
pay_757937_000260,order_777737_000260,cust_141337_000060,67779,INR,2024-01-08T18:12:00,captured,0
pay_707727_000261,order_482584_000261,cust_867934_000061,21813,INR,2024-01-08T18:04:00,captured,0
pay_409445_000262,order_442589_000262,cust_883790_000062,192085,INR,2024-01-08T20:56:00,captured,0
pay_238579_000263,order_924718_000263,cust_665610_000063,79579,INR,2024-01-08T20:25:00,captured,0
pay_385765_000264,order_970813_000264,cust_272537_000064,73156,INR,2024-01-08T22:04:00,captured,0
pay_409478_000265,order_882824_000265,cust_455168_000065,71385,INR,2024-01-08T22:43:00,captured,0
pay_247594_000266,order_890785_000266,cust_336574_000066,879698,INR,2024-01-08T22:09:00,captured,0
pay_516716_000267,order_986827_000267,cust_943671_000067,291771,INR,2024-01-09T00:26:00,captured,0
pay_929090_000268,order_513741_000268,cust_114594_000068,80329,INR,2024-01-08T23:11:00,captured,0
pay_576877_000269,order_486490_000269,cust_805511_000069,852500,INR,2024-01-09T00:15:00,captured,0
pay_712955_000270,order_499534_000270,cust_962367_000070,294759,INR,2024-01-09T01:33:00,captured,0
pay_807617_000271,order_345180_000271,cust_594379_000071,91205,INR,2024-01-09T02:13:00,captured,0
pay_688678_000272,order_443939_000272,cust_739717_000072,94889,INR,2024-01-09T03:53:00,captured,0
pay_766269_000273,order_963874_000273,cust_586819_000073,658434,INR,2024-01-09T03:08:00,captured,0
pay_528129_000274,order_222343_000274,cust_246566_000074,14877,INR,2024-01-09T05:23:00,captured,0
pay_616554_000275,order_221761_000275,cust_201913_000075,80457,INR,2024-01-09T05:38:00,captured,0
pay_507524_000276,order_575679_000276,cust_489033_000076,997748,INR,2024-01-09T05:17:00,captured,0
pay_830316_000277,order_666432_000277,cust_539486_000077,489162,INR,2024-01-09T07:35:00,captured,0
pay_262029_000278,order_535037_000278,cust_786735_000078,74139,INR,2024-01-09T08:33:00,captured,0
pay_527940_000279,order_393328_000279,cust_134305_000079,694264,INR,2024-01-09T08:18:00,captured,0
pay_564920_000280,order_566297_000280,cust_347582_000080,23022,INR,2024-01-09T08:27:00,captured,0
pay_485178_000281,order_670913_000281,cust_776149_000081,17936,INR,2024-01-09T10:27:00,captured,0
pay_389282_000282,order_299028_000282,cust_228093_000082,148063,INR,2024-01-09T10:50:00,captured,0
pay_322409_000283,order_772875_000283,cust_770556_000083,111197,INR,2024-01-09T11:24:00,captured,0
pay_925013_000284,order_449709_000284,cust_355400_000084,84000,INR,2024-01-09T11:06:00,captured,0
pay_171942_000285,order_970127_000285,cust_902325_000085,208610,INR,2024-01-09T12:26:00,captured,0
pay_326441_000286,order_952547_000286,cust_344316_000086,29340,INR,2024-01-09T13:15:00,captured,0
pay_724932_000287,order_102973_000287,cust_390743_000087,27038,INR,2024-01-09T14:40:00,captured,0
pay_362829_000288,order_937302_000288,cust_282973_000088,96646,INR,2024-01-09T15:09:00,captured,0
pay_127032_000289,order_238205_000289,cust_115582_000089,41186,INR,2024-01-09T16:50:00,captured,0
pay_439498_000290,order_116547_000290,cust_282710_000090,16868,INR,2024-01-09T16:15:00,captured,0
pay_877747_000291,order_541409_000291,cust_651640_000091,18330,INR,2024-01-09T16:16:00,captured,0
pay_570050_000292,order_915809_000292,cust_479625_000092,411251,INR,2024-01-09T18:00:00,captured,0
pay_573962_000293,order_628313_000293,cust_332311_000093,122735,INR,2024-01-09T17:13:00,captured,0
pay_921273_000294,order_790909_000294,cust_646781_000094,70036,INR,2024-01-09T19:33:00,captured,0
pay_132663_000295,order_163780_000295,cust_602248_000095,323490,INR,2024-01-09T20:22:00,captured,0
pay_213206_000296,order_614084_000296,cust_847006_000096,138530,INR,2024-01-09T21:27:00,captured,0
pay_184714_000297,order_437758_000297,cust_737846_000097,18609,INR,2024-01-09T21:55:00,captured,0
pay_388375_000298,order_754644_000298,cust_763829_000098,387496,INR,2024-01-09T21:16:00,captured,0
pay_440981_000299,order_499407_000299,cust_726410_000099,254611,INR,2024-01-09T23:31:00,captured,0
pay_630108_000300,order_734836_000300,cust_551096_000100,24996,INR,2024-01-09T23:58:00,captured,0
pay_786516_000301,order_782535_000301,cust_906315_000101,477927,INR,2024-01-10T00:49:00,captured,0
pay_325468_000302,order_550961_000302,cust_573489_000102,64239,INR,2024-01-10T01:50:00,captured,0
pay_967611_000303,order_575528_000303,cust_518098_000103,482527,INR,2024-01-10T01:43:00,captured,0
pay_427730_000304,order_547494_000304,cust_427704_000104,633635,INR,2024-01-10T01:12:00,captured,0
pay_260053_000305,order_820184_000305,cust_597305_000105,21957,INR,2024-01-10T02:47:00,captured,0
pay_189511_000306,order_197758_000306,cust_552855_000106,58843,INR,2024-01-10T04:46:00,captured,0
pay_236435_000307,order_683397_000307,cust_162894_000107,394433,INR,2024-01-10T05:43:00,captured,0
pay_445658_000308,order_802559_000308,cust_228168_000108,285387,INR,2024-01-10T05:11:00,captured,0
pay_797660_000309,order_886730_000309,cust_543481_000109,526972,INR,2024-01-10T06:51:00,captured,0
pay_729575_000310,order_427626_000310,cust_468727_000110,85748,INR,2024-01-10T06:36:00,captured,0
pay_323072_000311,order_262246_000311,cust_788637_000111,217568,INR,2024-01-10T07:04:00,captured,0
pay_213475_000312,order_467121_000312,cust_986438_000112,292707,INR,2024-01-10T08:48:00,captured,0
pay_899649_000313,order_392099_000313,cust_701987_000113,66244,INR,2024-01-10T08:14:00,captured,0
pay_688215_000314,order_904711_000314,cust_958182_000114,421689,INR,2024-01-10T10:48:00,captured,0
pay_773918_000315,order_683783_000315,cust_127529_000115,444893,INR,2024-01-10T10:26:00,captured,0
pay_827157_000316,order_380439_000316,cust_130359_000116,45818,INR,2024-01-10T11:46:00,captured,0
pay_899444_000317,order_423993_000317,cust_456331_000117,10800,INR,2024-01-10T12:29:00,captured,0
pay_250210_000318,order_693830_000318,cust_789275_000118,136482,INR,2024-01-10T11:23:00,captured,0
pay_876962_000319,order_763928_000319,cust_132146_000119,79531,INR,2024-01-10T12:18:00,captured,0
pay_494468_000320,order_540226_000320,cust_575682_000120,30631,INR,2024-01-10T13:27:00,captured,0
pay_426775_000321,order_856648_000321,cust_440140_000121,993568,INR,2024-01-10T14:47:00,captured,0
pay_725185_000322,order_189083_000322,cust_155164_000122,30632,INR,2024-01-10T15:12:00,captured,0
pay_747850_000323,order_152179_000323,cust_806707_000123,45665,INR,2024-01-10T16:36:00,captured,0
pay_794093_000324,order_544611_000324,cust_609253_000124,331758,INR,2024-01-10T16:56:00,captured,0
pay_386436_000325,order_326040_000325,cust_891615_000125,159673,INR,2024-01-10T17:53:00,captured,0
pay_550797_000326,order_216276_000326,cust_397005_000126,855722,INR,2024-01-10T17:44:00,captured,0
pay_610271_000327,order_652530_000327,cust_799539_000127,15952,INR,2024-01-10T19:15:00,captured,0
pay_514463_000328,order_728437_000328,cust_157443_000128,36794,INR,2024-01-10T19:28:00,captured,0
pay_321494_000329,order_904624_000329,cust_243901_000129,633965,INR,2024-01-10T19:38:00,captured,0
pay_444061_000330,order_225812_000330,cust_108105_000130,491650,INR,2024-01-10T20:37:00,captured,0
pay_284229_000331,order_235461_000331,cust_498676_000131,468926,INR,2024-01-10T21:55:00,captured,0
pay_624563_000332,order_685864_000332,cust_973835_000132,922681,INR,2024-01-10T22:29:00,captured,0
pay_175576_000333,order_516359_000333,cust_878086_000133,67176,INR,2024-01-10T22:45:00,captured,0
pay_582087_000334,order_181644_000334,cust_428267_000134,325068,INR,2024-01-10T23:02:00,captured,0
pay_524068_000335,order_843963_000335,cust_771237_000135,251789,INR,2024-01-11T01:13:00,captured,0
pay_524707_000336,order_121869_000336,cust_440544_000136,91018,INR,2024-01-11T00:14:00,captured,0
pay_972442_000337,order_823108_000337,cust_479430_000137,67240,INR,2024-01-11T01:58:00,captured,0
pay_211005_000338,order_355135_000338,cust_556839_000138,309951,INR,2024-01-11T03:48:00,captured,0
pay_182467_000339,order_514991_000339,cust_425346_000139,678002,INR,2024-01-11T04:07:00,captured,0
pay_449247_000340,order_916964_000340,cust_276299_000140,76910,INR,2024-01-11T03:28:00,captured,0
pay_219565_000341,order_656379_000341,cust_634723_000141,55793,INR,2024-01-11T05:21:00,captured,0
pay_862712_000342,order_958729_000342,cust_776796_000142,40968,INR,2024-01-11T05:44:00,captured,0
pay_253557_000343,order_368402_000343,cust_306854_000143,88957,INR,2024-01-11T05:13:00,captured,0
pay_897143_000344,order_896028_000344,cust_787351_000144,33218,INR,2024-01-11T06:19:00,captured,0
pay_758452_000345,order_618119_000345,cust_586490_000145,795559,INR,2024-01-11T08:38:00,captured,0
pay_707616_000346,order_570711_000346,cust_814220_000146,437112,INR,2024-01-11T09:37:00,captured,0
pay_754858_000347,order_438908_000347,cust_757685_000147,29786,INR,2024-01-11T09:21:00,captured,0
pay_171603_000348,order_591699_000348,cust_563688_000148,258765,INR,2024-01-11T09:56:00,captured,0
pay_388016_000349,order_720148_000349,cust_158900_000149,76497,INR,2024-01-11T11:41:00,captured,0
pay_425486_000350,order_584172_000350,cust_573866_000150,17456,INR,2024-01-11T11:09:00,captured,0
pay_972097_000351,order_401022_000351,cust_180458_000151,147341,INR,2024-01-11T11:47:00,captured,0
pay_722937_000352,order_631699_000352,cust_503159_000152,404259,INR,2024-01-11T13:18:00,captured,0
pay_930281_000353,order_874814_000353,cust_143015_000153,399712,INR,2024-01-11T14:10:00,captured,0
pay_297383_000354,order_437145_000354,cust_734394_000154,362860,INR,2024-01-11T14:23:00,captured,0
pay_164879_000355,order_572407_000355,cust_208529_000155,21053,INR,2024-01-11T14:19:00,captured,0
pay_777513_000356,order_280941_000356,cust_141043_000156,67377,INR,2024-01-11T16:04:00,captured,0
pay_649525_000357,order_648141_000357,cust_739427_000157,57696,INR,2024-01-11T16:56:00,captured,0
pay_396635_000358,order_506235_000358,cust_528625_000158,677401,INR,2024-01-11T16:47:00,captured,0
pay_726928_000359,order_154909_000359,cust_927564_000159,439374,INR,2024-01-11T18:26:00,captured,0
pay_169113_000360,order_445705_000360,cust_199096_000160,455666,INR,2024-01-11T18:42:00,captured,0
pay_397949_000361,order_364236_000361,cust_858889_000161,415988,INR,2024-01-11T18:49:00,captured,0
pay_257677_000362,order_449555_000362,cust_185461_000162,447923,INR,2024-01-11T20:51:00,captured,0
pay_466813_000363,order_425301_000363,cust_787923_000163,847149,INR,2024-01-11T20:18:00,captured,0
pay_235215_000364,order_723945_000364,cust_843266_000164,50577,INR,2024-01-11T21:50:00,captured,0
pay_494976_000365,order_774751_000365,cust_930117_000165,26750,INR,2024-01-11T22:11:00,captured,0
pay_836971_000366,order_969226_000366,cust_874661_000166,978385,INR,2024-01-11T23:25:00,captured,0
pay_197992_000367,order_777406_000367,cust_803024_000167,366594,INR,2024-01-12T00:07:00,captured,0
pay_119116_000368,order_480211_000368,cust_423869_000168,38074,INR,2024-01-11T23:46:00,captured,0
pay_903373_000369,order_609892_000369,cust_301332_000169,28030,INR,2024-01-12T00:43:00,captured,0
pay_180913_000370,order_410160_000370,cust_985447_000170,76543,INR,2024-01-12T01:19:00,captured,0
pay_665990_000371,order_975686_000371,cust_874524_000171,119790,INR,2024-01-12T03:38:00,captured,0
pay_453123_000372,order_903531_000372,cust_748052_000172,88282,INR,2024-01-12T03:24:00,captured,0
pay_261745_000373,order_270128_000373,cust_289630_000173,904277,INR,2024-01-12T03:48:00,captured,0
pay_948343_000374,order_273580_000374,cust_856215_000174,122907,INR,2024-01-12T05:19:00,captured,0
pay_481995_000375,order_809217_000375,cust_854540_000175,68222,INR,2024-01-12T05:52:00,captured,0
pay_398768_000376,order_888939_000376,cust_884897_000176,222684,INR,2024-01-12T06:18:00,captured,0
pay_350786_000377,order_424500_000377,cust_947903_000177,201720,INR,2024-01-12T07:08:00,captured,0
pay_811256_000378,order_698128_000378,cust_561999_000178,247729,INR,2024-01-12T07:47:00,captured,0
pay_500422_000379,order_627335_000379,cust_653081_000179,184965,INR,2024-01-12T08:39:00,captured,0
pay_309398_000380,order_940181_000380,cust_734035_000180,42768,INR,2024-01-12T09:44:00,captured,0
pay_772324_000381,order_603935_000381,cust_489244_000181,153786,INR,2024-01-12T09:06:00,captured,0
pay_986982_000382,order_640970_000382,cust_992512_000182,47363,INR,2024-01-12T11:31:00,captured,0
pay_900185_000383,order_268099_000383,cust_386042_000183,369144,INR,2024-01-12T10:10:00,captured,0
pay_971415_000384,order_558723_000384,cust_196168_000184,69130,INR,2024-01-12T11:18:00,captured,0
pay_466566_000385,order_127965_000385,cust_535050_000185,61964,INR,2024-01-12T13:53:00,captured,0
pay_492127_000386,order_347231_000386,cust_504924_000186,59140,INR,2024-01-12T13:04:00,captured,0
pay_129556_000387,order_434165_000387,cust_203896_000187,840766,INR,2024-01-12T13:28:00,captured,0
pay_929822_000388,order_253143_000388,cust_244283_000188,47601,INR,2024-01-12T14:42:00,captured,0
pay_970068_000389,order_595404_000389,cust_829884_000189,71487,INR,2024-01-12T16:57:00,captured,0
pay_745239_000390,order_105506_000390,cust_183074_000190,43544,INR,2024-01-12T15:57:00,captured,0
pay_975522_000391,order_256782_000391,cust_675462_000191,819228,INR,2024-01-12T16:27:00,captured,0
pay_543814_000392,order_216587_000392,cust_913875_000192,41147,INR,2024-01-12T18:07:00,captured,0
pay_227767_000393,order_150068_000393,cust_350021_000193,434994,INR,2024-01-12T17:38:00,captured,0
pay_753064_000394,order_579318_000394,cust_165858_000194,75513,INR,2024-01-12T19:41:00,captured,0
pay_662093_000395,order_117233_000395,cust_762652_000195,401490,INR,2024-01-12T20:16:00,captured,0
pay_853448_000396,order_250551_000396,cust_405420_000196,100820,INR,2024-01-12T20:30:00,captured,0
pay_469954_000397,order_352249_000397,cust_698384_000197,198206,INR,2024-01-12T21:18:00,captured,0
pay_800674_000398,order_189772_000398,cust_648913_000198,18870,INR,2024-01-12T22:25:00,captured,0
pay_670511_000399,order_631971_000399,cust_924613_000199,390535,INR,2024-01-12T23:07:00,captured,0
pay_509420_000400,order_592972_000400,cust_145649_000000,302837,INR,2024-01-12T23:02:00,captured,0
pay_365971_000401,order_883618_000401,cust_117031_000001,18855,INR,2024-01-12T23:47:00,captured,0
pay_352838_000402,order_868544_000402,cust_789023_000002,154349,INR,2024-01-13T00:44:00,captured,0
pay_710169_000403,order_870899_000403,cust_893435_000003,27486,INR,2024-01-13T02:38:00,captured,0
pay_469412_000404,order_672536_000404,cust_454992_000004,191797,INR,2024-01-13T01:05:00,captured,0
pay_916990_000405,order_817941_000405,cust_587192_000005,750888,INR,2024-01-13T03:46:00,captured,0
pay_291132_000406,order_950916_000406,cust_241403_000006,69988,INR,2024-01-13T04:20:00,captured,0
pay_407696_000407,order_311383_000407,cust_145934_000007,15492,INR,2024-01-13T04:04:00,captured,0
pay_425138_000408,order_640418_000408,cust_517568_000008,348197,INR,2024-01-13T04:40:00,captured,0
pay_138399_000409,order_889882_000409,cust_778324_000009,47501,INR,2024-01-13T05:32:00,captured,0
pay_918771_000410,order_150126_000410,cust_787584_000010,45811,INR,2024-01-13T06:45:00,captured,0
pay_938171_000411,order_485896_000411,cust_558176_000011,489707,INR,2024-01-13T06:15:00,captured,0
pay_505426_000412,order_455505_000412,cust_295892_000012,462843,INR,2024-01-13T07:56:00,captured,0
pay_485191_000413,order_936020_000413,cust_644500_000013,20828,INR,2024-01-13T09:03:00,captured,0
pay_545120_000414,order_182760_000414,cust_551524_000014,194611,INR,2024-01-13T10:33:00,captured,0
pay_408036_000415,order_436814_000415,cust_207581_000015,52981,INR,2024-01-13T10:09:00,captured,0
pay_410000_000416,order_421384_000416,cust_567576_000016,476262,INR,2024-01-13T11:24:00,captured,0
pay_274739_000417,order_823270_000417,cust_565471_000017,68606,INR,2024-01-13T11:54:00,captured,0
pay_862120_000418,order_469685_000418,cust_744718_000018,243946,INR,2024-01-13T11:05:00,captured,0
pay_929924_000419,order_160144_000419,cust_178686_000019,834240,INR,2024-01-13T13:21:00,captured,0
pay_480959_000420,order_638009_000420,cust_940010_000020,856206,INR,2024-01-13T13:51:00,captured,0
pay_132653_000421,order_249715_000421,cust_989894_000021,455513,INR,2024-01-13T14:20:00,captured,0
pay_559457_000422,order_136489_000422,cust_232361_000022,40932,INR,2024-01-13T15:40:00,captured,0
pay_776502_000423,order_484123_000423,cust_479742_000023,84349,INR,2024-01-13T16:39:00,captured,0
pay_734487_000424,order_260891_000424,cust_812048_000024,294492,INR,2024-01-13T16:04:00,captured,0
pay_565504_000425,order_900152_000425,cust_180620_000025,172191,INR,2024-01-13T17:47:00,captured,0
pay_484774_000426,order_517368_000426,cust_429657_000026,246113,INR,2024-01-13T18:07:00,captured,0
pay_218959_000427,order_127172_000427,cust_871411_000027,75410,INR,2024-01-13T18:31:00,captured,0
pay_505785_000428,order_688956_000428,cust_223481_000028,44116,INR,2024-01-13T20:06:00,captured,0
pay_567951_000429,order_324993_000429,cust_741599_000029,74382,INR,2024-01-13T20:30:00,captured,0
pay_228594_000430,order_242321_000430,cust_994253_000030,69250,INR,2024-01-13T20:25:00,captured,0
pay_848022_000431,order_566732_000431,cust_192055_000031,943296,INR,2024-01-13T21:22:00,captured,0
pay_800280_000432,order_464301_000432,cust_844007_000032,82089,INR,2024-01-13T22:40:00,captured,0
pay_404466_000433,order_414527_000433,cust_992717_000033,93584,INR,2024-01-13T23:09:00,captured,0
pay_932250_000434,order_479052_000434,cust_633469_000034,25907,INR,2024-01-13T23:22:00,captured,0
pay_930541_000435,order_245622_000435,cust_348235_000035,113780,INR,2024-01-14T00:25:00,captured,0
pay_680933_000436,order_700076_000436,cust_486831_000036,389221,INR,2024-01-14T00:46:00,captured,0
pay_741674_000437,order_190403_000437,cust_168941_000037,62187,INR,2024-01-14T01:16:00,captured,0
pay_853789_000438,order_601916_000438,cust_651231_000038,314661,INR,2024-01-14T03:31:00,captured,0
pay_702826_000439,order_177333_000439,cust_231414_000039,94192,INR,2024-01-14T04:45:00,captured,0
pay_571832_000440,order_588461_000440,cust_813145_000040,280624,INR,2024-01-14T03:09:00,captured,0
pay_969325_000441,order_918164_000441,cust_678083_000041,408169,INR,2024-01-14T04:16:00,captured,0
pay_905077_000442,order_235300_000442,cust_553633_000042,129052,INR,2024-01-14T05:23:00,captured,0
pay_230192_000443,order_643269_000443,cust_260448_000043,31581,INR,2024-01-14T06:46:00,captured,0
pay_438334_000444,order_843788_000444,cust_336422_000044,78012,INR,2024-01-14T06:20:00,captured,0
pay_397846_000445,order_987025_000445,cust_182690_000045,35729,INR,2024-01-14T08:54:00,captured,0
pay_677599_000446,order_387782_000446,cust_231250_000046,258767,INR,2024-01-14T09:21:00,captured,0
pay_659392_000447,order_197966_000447,cust_626986_000047,188413,INR,2024-01-14T09:18:00,captured,0
pay_708851_000448,order_261684_000448,cust_279516_000048,427406,INR,2024-01-14T10:15:00,captured,0
pay_734534_000449,order_454019_000449,cust_983456_000049,121597,INR,2024-01-14T11:32:00,captured,0
pay_129751_000450,order_185168_000450,cust_147670_000050,402394,INR,2024-01-14T12:45:00,captured,0
pay_782759_000451,order_321048_000451,cust_904214_000051,318411,INR,2024-01-14T11:33:00,captured,0
pay_770030_000452,order_131757_000452,cust_622230_000052,386039,INR,2024-01-14T13:19:00,captured,0
pay_773088_000453,order_416768_000453,cust_606404_000053,99783,INR,2024-01-14T13:37:00,captured,0
pay_411882_000454,order_575575_000454,cust_176517_000054,531411,INR,2024-01-14T13:51:00,captured,0
pay_560959_000455,order_535810_000455,cust_607774_000055,206966,INR,2024-01-14T14:20:00,captured,0
pay_736129_000456,order_250647_000456,cust_427766_000056,667413,INR,2024-01-14T15:43:00,captured,0
pay_462147_000457,order_518084_000457,cust_237118_000057,694269,INR,2024-01-14T17:33:00,captured,0
pay_688933_000458,order_211341_000458,cust_434617_000058,71141,INR,2024-01-14T17:05:00,captured,0
pay_380464_000459,order_571435_000459,cust_359961_000059,22689,INR,2024-01-14T17:15:00,captured,0
pay_404309_000460,order_502810_000460,cust_745270_000060,230165,INR,2024-01-14T18:06:00,captured,0
pay_267457_000461,order_952993_000461,cust_443341_000061,478078,INR,2024-01-14T19:50:00,captured,0
pay_299055_000462,order_900190_000462,cust_267082_000062,369864,INR,2024-01-14T19:40:00,captured,0
pay_622987_000463,order_423528_000463,cust_621530_000063,21802,INR,2024-01-14T20:59:00,captured,0
pay_512344_000464,order_629996_000464,cust_579441_000064,38199,INR,2024-01-14T23:00:00,captured,0
pay_470037_000465,order_151021_000465,cust_152995_000065,74866,INR,2024-01-14T22:14:00,captured,0
pay_983791_000466,order_786041_000466,cust_805188_000066,249814,INR,2024-01-14T23:16:00,captured,0
pay_108574_000467,order_988324_000467,cust_212718_000067,170220,INR,2024-01-15T00:08:00,captured,0
pay_377319_000468,order_862847_000468,cust_483545_000068,711421,INR,2024-01-15T00:52:00,captured,0
pay_147440_000469,order_520040_000469,cust_153642_000069,394553,INR,2024-01-15T00:46:00,captured,0
pay_480133_000470,order_680096_000470,cust_402620_000070,60639,INR,2024-01-15T01:24:00,captured,0
pay_572230_000471,order_901535_000471,cust_676566_000071,91689,INR,2024-01-15T03:04:00,captured,0
pay_740725_000472,order_224582_000472,cust_234913_000072,61629,INR,2024-01-15T03:27:00,captured,0
pay_933510_000473,order_455556_000473,cust_684929_000073,28909,INR,2024-01-15T03:47:00,captured,0
pay_731728_000474,order_633853_000474,cust_520884_000074,121105,INR,2024-01-15T04:25:00,captured,0
pay_140804_000475,order_243693_000475,cust_848255_000075,72094,INR,2024-01-15T05:05:00,captured,0
pay_579187_000476,order_256175_000476,cust_735710_000076,173285,INR,2024-01-15T06:06:00,captured,0
pay_742848_000477,order_434002_000477,cust_270395_000077,423223,INR,2024-01-15T06:41:00,captured,0
pay_983532_000478,order_413769_000478,cust_722565_000078,76494,INR,2024-01-15T08:34:00,captured,0
pay_634473_000479,order_658198_000479,cust_613641_000079,795134,INR,2024-01-15T08:46:00,captured,0
pay_597960_000480,order_955374_000480,cust_117445_000080,53416,INR,2024-01-15T08:38:00,captured,0
pay_214928_000481,order_536774_000481,cust_712056_000081,92478,INR,2024-01-15T10:26:00,captured,0
pay_725905_000482,order_597643_000482,cust_378428_000082,403287,INR,2024-01-15T10:03:00,captured,0
pay_338596_000483,order_856442_000483,cust_153849_000083,351893,INR,2024-01-15T11:13:00,captured,0
pay_649697_000484,order_759580_000484,cust_856215_000084,299329,INR,2024-01-15T11:21:00,captured,0
pay_961574_000485,order_813793_000485,cust_353961_000085,85047,INR,2024-01-15T12:18:00,captured,0
pay_215233_000486,order_300051_000486,cust_119857_000086,264465,INR,2024-01-15T13:29:00,captured,0
pay_258787_000487,order_533020_000487,cust_824042_000087,63788,INR,2024-01-15T13:53:00,captured,0
pay_912617_000488,order_741181_000488,cust_594514_000088,881368,INR,2024-01-15T15:04:00,captured,0
pay_840058_000489,order_244789_000489,cust_643878_000089,83516,INR,2024-01-15T15:07:00,captured,0
pay_794395_000490,order_601608_000490,cust_651002_000090,51124,INR,2024-01-15T15:41:00,captured,0
pay_581992_000491,order_659024_000491,cust_458955_000091,285748,INR,2024-01-15T16:22:00,captured,0
pay_909489_000492,order_855944_000492,cust_813813_000092,463495,INR,2024-01-15T18:26:00,captured,0
pay_739711_000493,order_607699_000493,cust_301603_000093,46569,INR,2024-01-15T17:33:00,captured,0
pay_412999_000494,order_335790_000494,cust_412071_000094,651521,INR,2024-01-15T19:11:00,captured,0
pay_317346_000495,order_823769_000495,cust_839233_000095,266220,INR,2024-01-15T20:30:00,captured,0
pay_465746_000496,order_687713_000496,cust_934042_000096,643370,INR,2024-01-15T21:01:00,captured,0
pay_227794_000497,order_701334_000497,cust_809489_000097,299069,INR,2024-01-15T20:36:00,captured,0
pay_513697_000498,order_958130_000498,cust_461899_000098,921850,INR,2024-01-15T22:54:00,captured,0
pay_404561_000499,order_144109_000499,cust_401602_000099,541434,INR,2024-01-15T22:18:00,captured,0
pay_563864_000500,order_787836_000500,cust_368900_000100,751175,INR,2024-01-15T23:44:00,captured,0
pay_311883_000501,order_968170_000501,cust_664739_000101,83664,INR,2024-01-15T23:27:00,captured,0
pay_384815_000502,order_243941_000502,cust_214532_000102,488440,INR,2024-01-16T01:29:00,captured,0
pay_350905_000503,order_354235_000503,cust_153231_000103,974577,INR,2024-01-16T02:15:00,captured,0
pay_336633_000504,order_768933_000504,cust_344146_000104,23133,INR,2024-01-16T02:07:00,captured,0
pay_446337_000505,order_852204_000505,cust_595351_000105,99285,INR,2024-01-16T02:52:00,captured,0
pay_244144_000506,order_105433_000506,cust_677086_000106,63334,INR,2024-01-16T04:38:00,captured,0
pay_598807_000507,order_600641_000507,cust_782139_000107,47649,INR,2024-01-16T05:23:00,captured,0
pay_399279_000508,order_777273_000508,cust_162036_000108,546903,INR,2024-01-16T04:41:00,captured,0
pay_702022_000509,order_343500_000509,cust_661147_000109,879121,INR,2024-01-16T06:23:00,captured,0
pay_139110_000510,order_283568_000510,cust_538184_000110,14763,INR,2024-01-16T07:48:00,captured,0
pay_516278_000511,order_926236_000511,cust_619447_000111,47941,INR,2024-01-16T07:47:00,captured,0
pay_139286_000512,order_109717_000512,cust_412886_000112,416031,INR,2024-01-16T08:52:00,captured,0
pay_451317_000513,order_398384_000513,cust_576419_000113,384845,INR,2024-01-16T08:13:00,captured,0
pay_617904_000514,order_240718_000514,cust_992400_000114,345377,INR,2024-01-16T10:07:00,captured,0
pay_302177_000515,order_948102_000515,cust_218118_000115,31298,INR,2024-01-16T09:34:00,captured,0
pay_581206_000516,order_779776_000516,cust_369761_000116,597621,INR,2024-01-16T11:33:00,captured,0
pay_872399_000517,order_453487_000517,cust_929179_000117,84420,INR,2024-01-16T11:01:00,captured,0
pay_894068_000518,order_302544_000518,cust_284019_000118,434876,INR,2024-01-16T12:26:00,captured,0
pay_525187_000519,order_967161_000519,cust_548479_000119,271928,INR,2024-01-16T13:54:00,captured,0
pay_520304_000520,order_801765_000520,cust_200018_000120,28430,INR,2024-01-16T13:11:00,captured,0
pay_439320_000521,order_360096_000521,cust_107161_000121,60275,INR,2024-01-16T15:01:00,captured,0
pay_568436_000522,order_890371_000522,cust_379963_000122,49576,INR,2024-01-16T14:30:00,captured,0
pay_857997_000523,order_700705_000523,cust_111991_000123,95679,INR,2024-01-16T16:14:00,captured,0
pay_826420_000524,order_347781_000524,cust_165142_000124,561983,INR,2024-01-16T16:46:00,captured,0
pay_421709_000525,order_267475_000525,cust_525110_000125,763465,INR,2024-01-16T17:59:00,captured,0
pay_837733_000526,order_907236_000526,cust_426084_000126,561559,INR,2024-01-16T18:58:00,captured,0
pay_409369_000527,order_485397_000527,cust_744481_000127,38721,INR,2024-01-16T19:21:00,captured,0
pay_601410_000528,order_260626_000528,cust_577079_000128,817581,INR,2024-01-16T19:17:00,captured,0
pay_536045_000529,order_836038_000529,cust_675914_000129,497069,INR,2024-01-16T19:47:00,captured,0
pay_940952_000530,order_796353_000530,cust_965708_000130,42435,INR,2024-01-16T21:08:00,captured,0
pay_891401_000531,order_724756_000531,cust_925618_000131,78879,INR,2024-01-16T22:27:00,captured,0
pay_653829_000532,order_837952_000532,cust_479358_000132,83946,INR,2024-01-16T22:57:00,captured,0
pay_164758_000533,order_969032_000533,cust_674251_000133,205988,INR,2024-01-16T22:14:00,captured,0
pay_662728_000534,order_257131_000534,cust_272529_000134,78202,INR,2024-01-17T00:13:00,captured,0
pay_221886_000535,order_813341_000535,cust_315379_000135,805737,INR,2024-01-17T00:56:00,captured,0
pay_195359_000536,order_635167_000536,cust_567122_000136,69432,INR,2024-01-17T01:02:00,captured,0
pay_638179_000537,order_535604_000537,cust_578987_000137,130270,INR,2024-01-17T01:16:00,captured,0
pay_584838_000538,order_805448_000538,cust_946112_000138,12853,INR,2024-01-17T03:11:00,captured,0
pay_366817_000539,order_956113_000539,cust_103161_000139,614243,INR,2024-01-17T03:50:00,captured,0
pay_176577_000540,order_147489_000540,cust_544278_000140,18357,INR,2024-01-17T04:14:00,captured,0
pay_163182_000541,order_172371_000541,cust_595002_000141,47629,INR,2024-01-17T05:09:00,captured,0
pay_288724_000542,order_906325_000542,cust_242007_000142,836343,INR,2024-01-17T05:52:00,captured,0
pay_777255_000543,order_540781_000543,cust_492650_000143,68790,INR,2024-01-17T06:33:00,captured,0
pay_495833_000544,order_493892_000544,cust_184148_000144,846969,INR,2024-01-17T07:51:00,captured,0
pay_665497_000545,order_239449_000545,cust_785280_000145,25549,INR,2024-01-17T08:51:00,captured,0
pay_663356_000546,order_512151_000546,cust_654531_000146,39188,INR,2024-01-17T08:22:00,captured,0
pay_103642_000547,order_892911_000547,cust_123839_000147,70686,INR,2024-01-17T09:46:00,captured,0
pay_854024_000548,order_670892_000548,cust_544730_000148,298850,INR,2024-01-17T10:26:00,captured,0
pay_340820_000549,order_359535_000549,cust_583000_000149,30332,INR,2024-01-17T11:45:00,captured,0
pay_297636_000550,order_860242_000550,cust_902674_000150,14222,INR,2024-01-17T11:35:00,captured,0
pay_792267_000551,order_539605_000551,cust_744793_000151,990858,INR,2024-01-17T12:43:00,captured,0
pay_116405_000552,order_352356_000552,cust_316092_000152,23224,INR,2024-01-17T13:53:00,captured,0
pay_135207_000553,order_568127_000553,cust_726822_000153,868724,INR,2024-01-17T14:16:00,captured,0
pay_151040_000554,order_356622_000554,cust_876513_000154,62725,INR,2024-01-17T14:51:00,captured,0
pay_345722_000555,order_665979_000555,cust_327823_000155,952843,INR,2024-01-17T14:56:00,captured,0
pay_159185_000556,order_246942_000556,cust_628373_000156,40692,INR,2024-01-17T16:39:00,captured,0
pay_867051_000557,order_704095_000557,cust_434394_000157,413481,INR,2024-01-17T17:44:00,captured,0
pay_805200_000558,order_958136_000558,cust_436241_000158,49552,INR,2024-01-17T17:38:00,captured,0
pay_250219_000559,order_792282_000559,cust_646571_000159,64206,INR,2024-01-17T18:52:00,captured,0
pay_388519_000560,order_163918_000560,cust_683761_000160,485462,INR,2024-01-17T18:38:00,captured,0
pay_283640_000561,order_756401_000561,cust_811721_000161,391425,INR,2024-01-17T19:56:00,captured,0
pay_149161_000562,order_461145_000562,cust_774565_000162,699834,INR,2024-01-17T20:03:00,captured,0
pay_649939_000563,order_434217_000563,cust_830132_000163,314045,INR,2024-01-17T21:40:00,captured,0
pay_414455_000564,order_494747_000564,cust_292811_000164,782029,INR,2024-01-17T21:19:00,captured,0
pay_352673_000565,order_990598_000565,cust_336290_000165,28920,INR,2024-01-17T22:00:00,captured,0
pay_585517_000566,order_160423_000566,cust_689704_000166,318370,INR,2024-01-17T23:43:00,captured,0
pay_655736_000567,order_240606_000567,cust_507286_000167,43422,INR,2024-01-18T00:11:00,captured,0
pay_446305_000568,order_778120_000568,cust_182911_000168,294551,INR,2024-01-17T23:26:00,captured,0
pay_661654_000569,order_859782_000569,cust_969695_000169,16755,INR,2024-01-18T00:11:00,captured,0
pay_495489_000570,order_806396_000570,cust_734356_000170,120734,INR,2024-01-18T01:34:00,captured,0
pay_176319_000571,order_297303_000571,cust_943737_000171,808063,INR,2024-01-18T03:51:00,captured,0
pay_804066_000572,order_685997_000572,cust_327558_000172,209518,INR,2024-01-18T03:32:00,captured,0
pay_449138_000573,order_417915_000573,cust_116078_000173,34906,INR,2024-01-18T04:51:00,captured,0
pay_223014_000574,order_883159_000574,cust_890973_000174,227188,INR,2024-01-18T05:34:00,captured,0
pay_733760_000575,order_837954_000575,cust_314447_000175,225478,INR,2024-01-18T06:29:00,captured,0
pay_437237_000576,order_913185_000576,cust_396809_000176,71112,INR,2024-01-18T06:10:00,captured,0
pay_780233_000577,order_476710_000577,cust_423404_000177,57139,INR,2024-01-18T07:08:00,captured,0
pay_621433_000578,order_588640_000578,cust_203398_000178,746148,INR,2024-01-18T08:05:00,captured,0
pay_980521_000579,order_435788_000579,cust_312994_000179,51015,INR,2024-01-18T08:37:00,captured,0
pay_147936_000580,order_689849_000580,cust_332022_000180,576505,INR,2024-01-18T08:52:00,captured,0
pay_373441_000581,order_680189_000581,cust_712401_000181,477493,INR,2024-01-18T09:02:00,captured,0
pay_409531_000582,order_259814_000582,cust_305721_000182,40149,INR,2024-01-18T10:53:00,captured,0
pay_697467_000583,order_973844_000583,cust_357666_000183,388695,INR,2024-01-18T10:48:00,captured,0
pay_818113_000584,order_453961_000584,cust_369826_000184,930750,INR,2024-01-18T12:23:00,captured,0
pay_858705_000585,order_772865_000585,cust_875520_000185,341607,INR,2024-01-18T13:02:00,captured,0
pay_868367_000586,order_933592_000586,cust_469283_000186,28344,INR,2024-01-18T12:21:00,captured,0
pay_673095_000587,order_612036_000587,cust_292988_000187,436492,INR,2024-01-18T14:32:00,captured,0
pay_649395_000588,order_135466_000588,cust_979827_000188,97584,INR,2024-01-18T14:07:00,captured,0
pay_901467_000589,order_106693_000589,cust_532424_000189,92667,INR,2024-01-18T15:06:00,captured,0
pay_171269_000590,order_841521_000590,cust_258366_000190,38668,INR,2024-01-18T15:29:00,captured,0
pay_578160_000591,order_491329_000591,cust_163386_000191,434353,INR,2024-01-18T17:04:00,captured,0
pay_746467_000592,order_606676_000592,cust_791309_000192,108247,INR,2024-01-18T18:25:00,captured,0
pay_658065_000593,order_678440_000593,cust_531319_000193,12192,INR,2024-01-18T17:00:00,captured,0
pay_857273_000594,order_388086_000594,cust_661762_000194,12246,INR,2024-01-18T19:07:00,captured,0
pay_952657_000595,order_831758_000595,cust_806774_000195,193987,INR,2024-01-18T20:04:00,captured,0
pay_200992_000596,order_649857_000596,cust_256130_000196,35156,INR,2024-01-18T20:13:00,captured,0
pay_652029_000597,order_364679_000597,cust_954814_000197,45038,INR,2024-01-18T21:19:00,captured,0
pay_516176_000598,order_182857_000598,cust_491172_000198,340647,INR,2024-01-18T22:41:00,captured,0
pay_355021_000599,order_831105_000599,cust_336828_000199,99658,INR,2024-01-18T23:12:00,captured,0
pay_989053_000600,order_184532_000600,cust_785491_000000,498241,INR,2024-01-19T00:45:00,captured,0
pay_198042_000601,order_524965_000601,cust_497687_000001,82443,INR,2024-01-18T23:04:00,captured,0
pay_158840_000602,order_767678_000602,cust_109909_000002,589854,INR,2024-01-19T01:00:00,captured,0
pay_624139_000603,order_986392_000603,cust_554987_000003,273681,INR,2024-01-19T01:10:00,captured,0
pay_999636_000604,order_199994_000604,cust_653815_000004,40115,INR,2024-01-19T02:12:00,captured,0
pay_825916_000605,order_694316_000605,cust_598598_000005,16102,INR,2024-01-19T02:27:00,captured,0
pay_177959_000606,order_817675_000606,cust_393992_000006,395441,INR,2024-01-19T04:58:00,captured,0
pay_134500_000607,order_288066_000607,cust_991737_000007,12052,INR,2024-01-19T05:24:00,captured,0
pay_715551_000608,order_251195_000608,cust_888795_000008,930389,INR,2024-01-19T04:26:00,captured,0
pay_180674_000609,order_413814_000609,cust_270341_000009,226076,INR,2024-01-19T05:50:00,captured,0
pay_975194_000610,order_990704_000610,cust_508060_000010,970037,INR,2024-01-19T07:12:00,captured,0
pay_447843_000611,order_502491_000611,cust_892313_000011,573374,INR,2024-01-19T07:09:00,captured,0
pay_822794_000612,order_859340_000612,cust_182237_000012,490833,INR,2024-01-19T08:41:00,captured,0
pay_156304_000613,order_202430_000613,cust_558320_000013,19963,INR,2024-01-19T08:44:00,captured,0
pay_734565_000614,order_906360_000614,cust_743684_000014,307986,INR,2024-01-19T09:43:00,captured,0
pay_442230_000615,order_131064_000615,cust_764926_000015,69054,INR,2024-01-19T10:39:00,captured,0
pay_339220_000616,order_473095_000616,cust_679902_000016,66603,INR,2024-01-19T11:02:00,captured,0
pay_812711_000617,order_714334_000617,cust_792764_000017,21232,INR,2024-01-19T11:23:00,captured,0
pay_748665_000618,order_409727_000618,cust_936821_000018,19634,INR,2024-01-19T12:38:00,captured,0
pay_380989_000619,order_261712_000619,cust_498458_000019,910984,INR,2024-01-19T12:10:00,captured,0
pay_261771_000620,order_875584_000620,cust_508548_000020,57277,INR,2024-01-19T14:21:00,captured,0
pay_195966_000621,order_105447_000621,cust_423241_000021,288700,INR,2024-01-19T14:13:00,captured,0
pay_382870_000622,order_207197_000622,cust_238943_000022,34561,INR,2024-01-19T15:37:00,captured,0
pay_570646_000623,order_684041_000623,cust_681687_000023,313932,INR,2024-01-19T15:55:00,captured,0
pay_127537_000624,order_193972_000624,cust_471106_000024,148792,INR,2024-01-19T16:13:00,captured,0
pay_727094_000625,order_922543_000625,cust_440189_000025,11617,INR,2024-01-19T18:16:00,captured,0
pay_533911_000626,order_506637_000626,cust_917018_000026,83339,INR,2024-01-19T17:37:00,captured,0
pay_354533_000627,order_699743_000627,cust_646417_000027,99825,INR,2024-01-19T19:55:00,captured,0
pay_277735_000628,order_245584_000628,cust_381981_000028,45180,INR,2024-01-19T19:48:00,captured,0
pay_253023_000629,order_166340_000629,cust_275329_000029,244683,INR,2024-01-19T20:03:00,captured,0
pay_414313_000630,order_607753_000630,cust_920685_000030,57333,INR,2024-01-19T20:53:00,captured,0
pay_358568_000631,order_855917_000631,cust_755395_000031,411325,INR,2024-01-19T21:32:00,captured,0
pay_305047_000632,order_580102_000632,cust_212168_000032,49932,INR,2024-01-19T23:18:00,captured,0
pay_514913_000633,order_448354_000633,cust_982495_000033,299171,INR,2024-01-19T22:00:00,captured,0
pay_445549_000634,order_561607_000634,cust_450996_000034,441330,INR,2024-01-20T00:42:00,captured,0
pay_242736_000635,order_415029_000635,cust_436241_000035,464533,INR,2024-01-20T01:16:00,captured,0
pay_602278_000636,order_429445_000636,cust_286266_000036,267320,INR,2024-01-20T00:25:00,captured,0
pay_870571_000637,order_828716_000637,cust_763646_000037,401926,INR,2024-01-20T01:37:00,captured,0
pay_354200_000638,order_441716_000638,cust_494322_000038,61502,INR,2024-01-20T03:40:00,captured,0
pay_219420_000639,order_691240_000639,cust_309505_000039,386066,INR,2024-01-20T03:46:00,captured,0
pay_814827_000640,order_904905_000640,cust_676820_000040,70505,INR,2024-01-20T03:23:00,captured,0
pay_842776_000641,order_319832_000641,cust_559753_000041,19064,INR,2024-01-20T06:00:00,captured,0
pay_988970_000642,order_934306_000642,cust_933665_000042,452834,INR,2024-01-20T06:44:00,captured,0
pay_245939_000643,order_764100_000643,cust_417543_000043,43119,INR,2024-01-20T06:03:00,captured,0
pay_261630_000644,order_849979_000644,cust_543681_000044,19694,INR,2024-01-20T07:24:00,captured,0
pay_726979_000645,order_602514_000645,cust_710527_000045,380162,INR,2024-01-20T07:57:00,captured,0
pay_825309_000646,order_538620_000646,cust_670053_000046,57124,INR,2024-01-20T09:04:00,captured,0
pay_951755_000647,order_662986_000647,cust_722665_000047,144555,INR,2024-01-20T09:29:00,captured,0
pay_906306_000648,order_360289_000648,cust_789545_000048,686126,INR,2024-01-20T09:13:00,captured,0
pay_778428_000649,order_742439_000649,cust_146448_000049,438182,INR,2024-01-20T10:21:00,captured,0
pay_778159_000650,order_519029_000650,cust_889245_000050,66420,INR,2024-01-20T12:26:00,captured,0
pay_111060_000651,order_203396_000651,cust_371306_000051,76935,INR,2024-01-20T11:13:00,captured,0
pay_643998_000652,order_685098_000652,cust_708717_000052,801589,INR,2024-01-20T13:35:00,captured,0
pay_567432_000653,order_492292_000653,cust_510133_000053,456282,INR,2024-01-20T13:28:00,captured,0
pay_823975_000654,order_624776_000654,cust_258067_000054,13219,INR,2024-01-20T14:15:00,captured,0
pay_209627_000655,order_409783_000655,cust_536181_000055,25213,INR,2024-01-20T15:01:00,captured,0
pay_865618_000656,order_248557_000656,cust_465249_000056,54966,INR,2024-01-20T16:46:00,captured,0
pay_922366_000657,order_316916_000657,cust_646428_000057,282609,INR,2024-01-20T16:58:00,captured,0
pay_202365_000658,order_559450_000658,cust_857065_000058,737212,INR,2024-01-20T17:00:00,captured,0
pay_170437_000659,order_414849_000659,cust_146853_000059,560337,INR,2024-01-20T17:40:00,captured,0
pay_990429_000660,order_459743_000660,cust_779445_000060,98754,INR,2024-01-20T18:02:00,captured,0
pay_272337_000661,order_876459_000661,cust_355761_000061,191463,INR,2024-01-20T19:42:00,captured,0
pay_267914_000662,order_447067_000662,cust_687044_000062,342249,INR,2024-01-20T20:10:00,captured,0
pay_936507_000663,order_524723_000663,cust_760351_000063,34430,INR,2024-01-20T20:29:00,captured,0
pay_789237_000664,order_553125_000664,cust_514798_000064,90492,INR,2024-01-20T22:21:00,captured,0
pay_306909_000665,order_571413_000665,cust_720970_000065,303861,INR,2024-01-20T22:53:00,captured,0
pay_838968_000666,order_325230_000666,cust_315780_000066,18200,INR,2024-01-20T22:00:00,captured,0
pay_206694_000667,order_938338_000667,cust_662968_000067,57945,INR,2024-01-21T00:13:00,captured,0
pay_306647_000668,order_579776_000668,cust_219490_000068,97910,INR,2024-01-20T23:41:00,captured,0
pay_613261_000669,order_653349_000669,cust_770153_000069,88246,INR,2024-01-21T01:50:00,captured,0
pay_741003_000670,order_511612_000670,cust_715519_000070,55603,INR,2024-01-21T01:49:00,captured,0
pay_986589_000671,order_580101_000671,cust_747351_000071,98288,INR,2024-01-21T02:45:00,captured,0
pay_939503_000672,order_411893_000672,cust_744333_000072,144434,INR,2024-01-21T03:30:00,captured,0
pay_240454_000673,order_428399_000673,cust_223586_000073,50026,INR,2024-01-21T04:26:00,captured,0
pay_291936_000674,order_491439_000674,cust_827120_000074,76954,INR,2024-01-21T04:14:00,captured,0
pay_538555_000675,order_725397_000675,cust_244564_000075,301174,INR,2024-01-21T05:49:00,captured,0
pay_294776_000676,order_610310_000676,cust_766371_000076,463558,INR,2024-01-21T05:54:00,captured,0
pay_776604_000677,order_281649_000677,cust_681868_000077,74178,INR,2024-01-21T07:57:00,captured,0
pay_247111_000678,order_296187_000678,cust_429861_000078,424749,INR,2024-01-21T07:36:00,captured,0
pay_476479_000679,order_110048_000679,cust_608149_000079,35575,INR,2024-01-21T07:06:00,captured,0
pay_502594_000680,order_688861_000680,cust_629990_000080,359506,INR,2024-01-21T09:44:00,captured,0
pay_817956_000681,order_615611_000681,cust_535820_000081,940345,INR,2024-01-21T09:52:00,captured,0
pay_612438_000682,order_275377_000682,cust_186686_000082,116179,INR,2024-01-21T10:56:00,captured,0
pay_898025_000683,order_331241_000683,cust_406278_000083,46025,INR,2024-01-21T11:41:00,captured,0
pay_663723_000684,order_402692_000684,cust_276379_000084,739768,INR,2024-01-21T11:28:00,captured,0
pay_878586_000685,order_910074_000685,cust_903124_000085,388214,INR,2024-01-21T13:12:00,captured,0
pay_218710_000686,order_700534_000686,cust_219754_000086,81186,INR,2024-01-21T13:05:00,captured,0
pay_484682_000687,order_668373_000687,cust_962570_000087,521815,INR,2024-01-21T14:45:00,captured,0
pay_853905_000688,order_562806_000688,cust_672892_000088,65725,INR,2024-01-21T15:37:00,captured,0
pay_871740_000689,order_970392_000689,cust_785424_000089,629777,INR,2024-01-21T15:13:00,captured,0
pay_133796_000690,order_571578_000690,cust_375581_000090,21401,INR,2024-01-21T15:38:00,captured,0
pay_223088_000691,order_913308_000691,cust_951327_000091,37509,INR,2024-01-21T16:56:00,captured,0
pay_873443_000692,order_716482_000692,cust_822608_000092,89988,INR,2024-01-21T18:43:00,captured,0
pay_548965_000693,order_274044_000693,cust_746081_000093,37082,INR,2024-01-21T18:20:00,captured,0
pay_316995_000694,order_944565_000694,cust_162241_000094,283928,INR,2024-01-21T19:44:00,captured,0
pay_394739_000695,order_725850_000695,cust_664939_000095,52421,INR,2024-01-21T20:08:00,captured,0
pay_406849_000696,order_403387_000696,cust_700556_000096,77425,INR,2024-01-21T21:30:00,captured,0
pay_812296_000697,order_954779_000697,cust_199850_000097,63948,INR,2024-01-21T21:55:00,captured,0
pay_162165_000698,order_390794_000698,cust_787757_000098,27392,INR,2024-01-21T22:57:00,captured,0
pay_253347_000699,order_845951_000699,cust_437742_000099,98635,INR,2024-01-21T22:31:00,captured,0
pay_613234_000700,order_249077_000700,cust_705474_000100,240885,INR,2024-01-21T23:50:00,captured,0
pay_534346_000701,order_493396_000701,cust_573947_000101,93050,INR,2024-01-22T00:20:00,captured,0
pay_906233_000702,order_197616_000702,cust_522419_000102,493112,INR,2024-01-22T01:41:00,captured,0
pay_828449_000703,order_486999_000703,cust_576782_000103,271593,INR,2024-01-22T01:35:00,captured,0
pay_102593_000704,order_911739_000704,cust_988319_000104,548833,INR,2024-01-22T02:14:00,captured,0
pay_580718_000705,order_765678_000705,cust_796405_000105,687811,INR,2024-01-22T03:33:00,captured,0
pay_166407_000706,order_934328_000706,cust_660384_000106,214205,INR,2024-01-22T04:48:00,captured,0
pay_964915_000707,order_322142_000707,cust_618746_000107,52318,INR,2024-01-22T04:54:00,captured,0
pay_397368_000708,order_454161_000708,cust_673896_000108,168468,INR,2024-01-22T05:46:00,captured,0
pay_993829_000709,order_608913_000709,cust_926596_000109,99463,INR,2024-01-22T06:12:00,captured,0
pay_150760_000710,order_148174_000710,cust_204411_000110,340953,INR,2024-01-22T07:37:00,captured,0
pay_230272_000711,order_999312_000711,cust_265657_000111,339346,INR,2024-01-22T06:02:00,captured,0
pay_548580_000712,order_312146_000712,cust_822040_000112,95196,INR,2024-01-22T07:00:00,captured,0
pay_266699_000713,order_387330_000713,cust_197874_000113,288971,INR,2024-01-22T08:38:00,captured,0
pay_186424_000714,order_489906_000714,cust_796787_000114,186782,INR,2024-01-22T09:32:00,captured,0
pay_515594_000715,order_755993_000715,cust_420349_000115,866708,INR,2024-01-22T09:06:00,captured,0
pay_345517_000716,order_550081_000716,cust_787326_000116,22475,INR,2024-01-22T11:36:00,captured,0
pay_323788_000717,order_599968_000717,cust_181724_000117,87814,INR,2024-01-22T11:00:00,captured,0
pay_644676_000718,order_813013_000718,cust_566686_000118,11056,INR,2024-01-22T11:28:00,captured,0
pay_460263_000719,order_956800_000719,cust_226451_000119,463872,INR,2024-01-22T13:29:00,captured,0
pay_600905_000720,order_174268_000720,cust_340068_000120,21708,INR,2024-01-22T13:16:00,captured,0
pay_945106_000721,order_207402_000721,cust_208214_000121,58177,INR,2024-01-22T15:33:00,captured,0
pay_413791_000722,order_243790_000722,cust_501312_000122,926439,INR,2024-01-22T15:52:00,captured,0
pay_239613_000723,order_772741_000723,cust_810029_000123,18966,INR,2024-01-22T16:36:00,captured,0
pay_690653_000724,order_108886_000724,cust_739966_000124,186044,INR,2024-01-22T17:07:00,captured,0
pay_468247_000725,order_857524_000725,cust_323404_000125,492308,INR,2024-01-22T17:56:00,captured,0
pay_531709_000726,order_746002_000726,cust_819916_000126,213898,INR,2024-01-22T17:19:00,captured,0
pay_205345_000727,order_246814_000727,cust_888996_000127,87276,INR,2024-01-22T18:11:00,captured,0
pay_502686_000728,order_468611_000728,cust_550246_000128,28327,INR,2024-01-22T20:33:00,captured,0
pay_390421_000729,order_775933_000729,cust_188341_000129,82534,INR,2024-01-22T19:31:00,captured,0
pay_729153_000730,order_856211_000730,cust_737107_000130,13515,INR,2024-01-22T21:16:00,captured,0
pay_988217_000731,order_790388_000731,cust_416302_000131,77862,INR,2024-01-22T22:48:00,captured,0
pay_634273_000732,order_297810_000732,cust_884170_000132,254949,INR,2024-01-22T23:17:00,captured,0
pay_157219_000733,order_921875_000733,cust_932336_000133,74865,INR,2024-01-22T23:22:00,captured,0
pay_218220_000734,order_352792_000734,cust_623850_000134,411390,INR,2024-01-22T23:49:00,captured,0
pay_653948_000735,order_112653_000735,cust_478638_000135,27299,INR,2024-01-23T00:09:00,captured,0
pay_979727_000736,order_695990_000736,cust_541307_000136,81612,INR,2024-01-23T00:49:00,captured,0
pay_281162_000737,order_899776_000737,cust_593894_000137,538268,INR,2024-01-23T02:27:00,captured,0
pay_715895_000738,order_170813_000738,cust_114463_000138,38277,INR,2024-01-23T02:02:00,captured,0
pay_163406_000739,order_927630_000739,cust_517307_000139,250202,INR,2024-01-23T03:05:00,captured,0
pay_847245_000740,order_625387_000740,cust_904373_000140,322075,INR,2024-01-23T04:20:00,captured,0
pay_521818_000741,order_186431_000741,cust_771652_000141,381886,INR,2024-01-23T05:29:00,captured,0
pay_260097_000742,order_390946_000742,cust_187657_000142,20357,INR,2024-01-23T06:18:00,captured,0
pay_313068_000743,order_947312_000743,cust_262924_000143,271311,INR,2024-01-23T06:05:00,captured,0
pay_714923_000744,order_765105_000744,cust_900298_000144,457069,INR,2024-01-23T06:50:00,captured,0
pay_169326_000745,order_425236_000745,cust_832614_000145,482708,INR,2024-01-23T08:22:00,captured,0
pay_350229_000746,order_160718_000746,cust_356355_000146,66948,INR,2024-01-23T09:48:00,captured,0
pay_575394_000747,order_742039_000747,cust_738407_000147,50539,INR,2024-01-23T08:14:00,captured,0
pay_877722_000748,order_790017_000748,cust_876636_000148,25655,INR,2024-01-23T10:25:00,captured,0
pay_842287_000749,order_243876_000749,cust_835575_000149,31473,INR,2024-01-23T10:01:00,captured,0
pay_463546_000750,order_648410_000750,cust_642347_000150,635920,INR,2024-01-23T12:03:00,captured,0
pay_489933_000751,order_233096_000751,cust_886197_000151,957944,INR,2024-01-23T11:21:00,captured,0
pay_868538_000752,order_223791_000752,cust_908903_000152,53910,INR,2024-01-23T12:34:00,captured,0
pay_550179_000753,order_385192_000753,cust_649300_000153,44465,INR,2024-01-23T14:43:00,captured,0
pay_704663_000754,order_758015_000754,cust_180813_000154,338654,INR,2024-01-23T14:31:00,captured,0
pay_477617_000755,order_158132_000755,cust_623879_000155,187493,INR,2024-01-23T15:05:00,captured,0
pay_264951_000756,order_367508_000756,cust_910894_000156,85223,INR,2024-01-23T15:47:00,captured,0
pay_857888_000757,order_220936_000757,cust_339499_000157,766770,INR,2024-01-23T17:26:00,captured,0
pay_146177_000758,order_112884_000758,cust_356430_000158,71835,INR,2024-01-23T16:00:00,captured,0
pay_501583_000759,order_257375_000759,cust_287654_000159,82465,INR,2024-01-23T17:46:00,captured,0
pay_848705_000760,order_876644_000760,cust_787554_000160,217710,INR,2024-01-23T19:42:00,captured,0
pay_360322_000761,order_536476_000761,cust_855276_000161,45554,INR,2024-01-23T18:41:00,captured,0
pay_181670_000762,order_699298_000762,cust_490917_000162,75803,INR,2024-01-23T20:45:00,captured,0
pay_155230_000763,order_288056_000763,cust_334026_000163,124079,INR,2024-01-23T21:26:00,captured,0
pay_172274_000764,order_587686_000764,cust_396020_000164,942942,INR,2024-01-23T21:51:00,captured,0
pay_443199_000765,order_190581_000765,cust_679958_000165,104178,INR,2024-01-23T21:39:00,captured,0
pay_310418_000766,order_405759_000766,cust_691194_000166,91620,INR,2024-01-23T22:47:00,captured,0
pay_586462_000767,order_486162_000767,cust_720432_000167,202457,INR,2024-01-23T23:31:00,captured,0
pay_673108_000768,order_897423_000768,cust_934638_000168,29735,INR,2024-01-24T00:33:00,captured,0
pay_529954_000769,order_125071_000769,cust_344315_000169,281625,INR,2024-01-24T00:00:00,captured,0
pay_980357_000770,order_827146_000770,cust_110060_000170,10191,INR,2024-01-24T02:21:00,captured,0
pay_789233_000771,order_494552_000771,cust_990247_000171,881270,INR,2024-01-24T03:37:00,captured,0
pay_208998_000772,order_315161_000772,cust_655550_000172,65026,INR,2024-01-24T02:39:00,captured,0
pay_162804_000773,order_249289_000773,cust_846221_000173,22193,INR,2024-01-24T04:02:00,captured,0
pay_342716_000774,order_986575_000774,cust_645007_000174,467445,INR,2024-01-24T04:05:00,captured,0
pay_490586_000775,order_580728_000775,cust_884229_000175,86122,INR,2024-01-24T06:54:00,captured,0
pay_629979_000776,order_239999_000776,cust_768169_000176,139232,INR,2024-01-24T05:12:00,captured,0
pay_695403_000777,order_165308_000777,cust_556112_000177,168528,INR,2024-01-24T07:15:00,captured,0
pay_405844_000778,order_373668_000778,cust_992247_000178,61505,INR,2024-01-24T07:30:00,captured,0
pay_972310_000779,order_871073_000779,cust_442099_000179,69343,INR,2024-01-24T08:29:00,captured,0
pay_344959_000780,order_178315_000780,cust_312559_000180,86638,INR,2024-01-24T08:34:00,captured,0
pay_262959_000781,order_210790_000781,cust_272359_000181,344347,INR,2024-01-24T09:13:00,captured,0
pay_526259_000782,order_226601_000782,cust_661957_000182,37215,INR,2024-01-24T10:40:00,captured,0
pay_423284_000783,order_585854_000783,cust_377880_000183,21851,INR,2024-01-24T10:57:00,captured,0
pay_946826_000784,order_819380_000784,cust_418992_000184,865364,INR,2024-01-24T11:20:00,captured,0
pay_142288_000785,order_325465_000785,cust_976530_000185,29441,INR,2024-01-24T13:17:00,captured,0
pay_845702_000786,order_360276_000786,cust_473023_000186,369200,INR,2024-01-24T12:11:00,captured,0
pay_810078_000787,order_413357_000787,cust_372804_000187,14073,INR,2024-01-24T13:06:00,captured,0
pay_996114_000788,order_574167_000788,cust_682959_000188,788421,INR,2024-01-24T14:51:00,captured,0
pay_199326_000789,order_584487_000789,cust_206857_000189,25919,INR,2024-01-24T15:31:00,captured,0
pay_164664_000790,order_970708_000790,cust_918895_000190,27133,INR,2024-01-24T15:01:00,captured,0
pay_963684_000791,order_520040_000791,cust_490321_000191,830457,INR,2024-01-24T16:25:00,captured,0
pay_776001_000792,order_188121_000792,cust_710610_000192,235696,INR,2024-01-24T19:00:00,captured,0
pay_952227_000793,order_178629_000793,cust_122859_000193,35919,INR,2024-01-24T18:57:00,captured,0
pay_777366_000794,order_564971_000794,cust_948611_000194,22055,INR,2024-01-24T19:55:00,captured,0
pay_988432_000795,order_969642_000795,cust_948179_000195,26059,INR,2024-01-24T20:55:00,captured,0
pay_583388_000796,order_153097_000796,cust_276149_000196,327098,INR,2024-01-24T20:05:00,captured,0
pay_859620_000797,order_514186_000797,cust_620226_000197,60165,INR,2024-01-24T21:45:00,captured,0
pay_547389_000798,order_281201_000798,cust_471136_000198,34530,INR,2024-01-24T22:27:00,captured,0
pay_393448_000799,order_567676_000799,cust_255851_000199,90492,INR,2024-01-24T22:35:00,captured,0
pay_746947_000800,order_357724_000800,cust_778720_000000,75390,INR,2024-01-25T00:19:00,captured,0
pay_677438_000801,order_602300_000801,cust_163941_000001,46670,INR,2024-01-24T23:52:00,captured,0
pay_243902_000802,order_539599_000802,cust_309146_000002,375678,INR,2024-01-25T00:49:00,captured,0
pay_761393_000803,order_941134_000803,cust_670065_000003,60134,INR,2024-01-25T01:31:00,captured,0
pay_848023_000804,order_476556_000804,cust_602985_000004,354111,INR,2024-01-25T02:40:00,captured,0
pay_693128_000805,order_626797_000805,cust_437226_000005,45446,INR,2024-01-25T02:44:00,captured,0
pay_127329_000806,order_434367_000806,cust_726121_000006,13840,INR,2024-01-25T03:23:00,captured,0
pay_950069_000807,order_916356_000807,cust_394579_000007,71824,INR,2024-01-25T05:54:00,captured,0
pay_474795_000808,order_904092_000808,cust_712356_000008,30922,INR,2024-01-25T05:07:00,captured,0
pay_359896_000809,order_788772_000809,cust_352867_000009,79951,INR,2024-01-25T05:12:00,captured,0
pay_929672_000810,order_872863_000810,cust_158624_000010,996921,INR,2024-01-25T07:44:00,captured,0
pay_703656_000811,order_987624_000811,cust_936124_000011,56504,INR,2024-01-25T06:28:00,captured,0
pay_979988_000812,order_986278_000812,cust_282150_000012,41005,INR,2024-01-25T08:59:00,captured,0
pay_433451_000813,order_945372_000813,cust_873959_000013,688105,INR,2024-01-25T09:15:00,captured,0
pay_720298_000814,order_129576_000814,cust_837623_000014,684382,INR,2024-01-25T10:56:00,captured,0
pay_690984_000815,order_249005_000815,cust_690462_000015,74517,INR,2024-01-25T10:12:00,captured,0
pay_424065_000816,order_284084_000816,cust_614259_000016,21830,INR,2024-01-25T11:09:00,captured,0
pay_343923_000817,order_730889_000817,cust_329437_000017,79002,INR,2024-01-25T11:07:00,captured,0
pay_100716_000818,order_447848_000818,cust_743966_000018,27103,INR,2024-01-25T12:01:00,captured,0
pay_851763_000819,order_286080_000819,cust_941403_000019,17806,INR,2024-01-25T12:43:00,captured,0
pay_254887_000820,order_715104_000820,cust_838927_000020,24538,INR,2024-01-25T13:02:00,captured,0
pay_651860_000821,order_482614_000821,cust_176054_000021,96787,INR,2024-01-25T15:48:00,captured,0
pay_714483_000822,order_205939_000822,cust_452909_000022,52284,INR,2024-01-25T14:50:00,captured,0
pay_265154_000823,order_867926_000823,cust_558089_000023,355433,INR,2024-01-25T15:17:00,captured,0
pay_432695_000824,order_282664_000824,cust_841535_000024,463625,INR,2024-01-25T17:23:00,captured,0
pay_743520_000825,order_925220_000825,cust_474158_000025,97232,INR,2024-01-25T18:53:00,captured,0
pay_954017_000826,order_283869_000826,cust_496764_000026,48602,INR,2024-01-25T18:15:00,captured,0
pay_286340_000827,order_864234_000827,cust_101885_000027,997391,INR,2024-01-25T18:16:00,captured,0
pay_510623_000828,order_992083_000828,cust_908274_000028,116977,INR,2024-01-25T20:13:00,captured,0
pay_731650_000829,order_433674_000829,cust_948095_000029,215812,INR,2024-01-25T19:23:00,captured,0
pay_693022_000830,order_209167_000830,cust_620287_000030,53406,INR,2024-01-25T21:21:00,captured,0
pay_181586_000831,order_349556_000831,cust_463656_000031,32005,INR,2024-01-25T22:35:00,captured,0
pay_193035_000832,order_961574_000832,cust_843404_000032,835073,INR,2024-01-25T23:21:00,captured,0
pay_452058_000833,order_568325_000833,cust_111949_000033,37483,INR,2024-01-25T23:33:00,captured,0
pay_826847_000834,order_171087_000834,cust_467506_000034,24160,INR,2024-01-25T23:31:00,captured,0
pay_101343_000835,order_150486_000835,cust_504684_000035,484085,INR,2024-01-26T01:32:00,captured,0
pay_274418_000836,order_534130_000836,cust_617033_000036,56036,INR,2024-01-26T00:53:00,captured,0
pay_493580_000837,order_206355_000837,cust_969067_000037,403067,INR,2024-01-26T02:09:00,captured,0
pay_895075_000838,order_820539_000838,cust_336540_000038,69151,INR,2024-01-26T03:23:00,captured,0
pay_938016_000839,order_986846_000839,cust_135035_000039,12631,INR,2024-01-26T03:09:00,captured,0
pay_373812_000840,order_209812_000840,cust_177804_000040,32296,INR,2024-01-26T03:40:00,captured,0
pay_493696_000841,order_268720_000841,cust_867541_000041,81702,INR,2024-01-26T05:53:00,captured,0
pay_197627_000842,order_454366_000842,cust_722886_000042,353093,INR,2024-01-26T07:00:00,captured,0
pay_132498_000843,order_552275_000843,cust_785386_000043,89602,INR,2024-01-26T06:30:00,captured,0
pay_555292_000844,order_264735_000844,cust_156157_000044,53397,INR,2024-01-26T07:53:00,captured,0
pay_299212_000845,order_529161_000845,cust_831063_000045,478555,INR,2024-01-26T07:26:00,captured,0
pay_865433_000846,order_666362_000846,cust_378150_000046,247599,INR,2024-01-26T09:58:00,captured,0
pay_349087_000847,order_200575_000847,cust_152046_000047,399772,INR,2024-01-26T08:38:00,captured,0
pay_980651_000848,order_614796_000848,cust_261050_000048,57294,INR,2024-01-26T10:10:00,captured,0
pay_548377_000849,order_191884_000849,cust_408857_000049,427727,INR,2024-01-26T10:00:00,captured,0
pay_603660_000850,order_309374_000850,cust_201698_000050,37125,INR,2024-01-26T12:16:00,captured,0
pay_769191_000851,order_405986_000851,cust_185916_000051,160559,INR,2024-01-26T11:21:00,captured,0
pay_923002_000852,order_516774_000852,cust_593821_000052,446575,INR,2024-01-26T12:39:00,captured,0
pay_195563_000853,order_773045_000853,cust_670557_000053,34232,INR,2024-01-26T13:33:00,captured,0
pay_499974_000854,order_487345_000854,cust_295646_000054,123392,INR,2024-01-26T13:47:00,captured,0
pay_561101_000855,order_587648_000855,cust_376195_000055,45200,INR,2024-01-26T14:33:00,captured,0
pay_164633_000856,order_258471_000856,cust_888775_000056,849945,INR,2024-01-26T16:12:00,captured,0
pay_189870_000857,order_800596_000857,cust_460491_000057,317048,INR,2024-01-26T16:12:00,captured,0
pay_718372_000858,order_338564_000858,cust_680493_000058,60738,INR,2024-01-26T17:36:00,captured,0
pay_647967_000859,order_538967_000859,cust_661527_000059,954502,INR,2024-01-26T18:44:00,captured,0
pay_597889_000860,order_700534_000860,cust_347088_000060,256684,INR,2024-01-26T19:59:00,captured,0
pay_513982_000861,order_995420_000861,cust_849003_000061,75811,INR,2024-01-26T18:10:00,captured,0
pay_641922_000862,order_939333_000862,cust_699245_000062,825201,INR,2024-01-26T20:13:00,captured,0
pay_226124_000863,order_893969_000863,cust_570852_000063,31910,INR,2024-01-26T20:18:00,captured,0
pay_947732_000864,order_302087_000864,cust_232315_000064,65492,INR,2024-01-26T21:27:00,captured,0
pay_816308_000865,order_556542_000865,cust_311727_000065,177530,INR,2024-01-26T21:10:00,captured,0
pay_723952_000866,order_370413_000866,cust_435281_000066,979290,INR,2024-01-26T23:46:00,captured,0
pay_170267_000867,order_191254_000867,cust_506951_000067,308328,INR,2024-01-27T00:43:00,captured,0
pay_441968_000868,order_998235_000868,cust_389617_000068,340206,INR,2024-01-27T00:10:00,captured,0
pay_112964_000869,order_924758_000869,cust_834435_000069,408059,INR,2024-01-27T01:57:00,captured,0
pay_919656_000870,order_539976_000870,cust_217984_000070,178455,INR,2024-01-27T02:06:00,captured,0
pay_694116_000871,order_716493_000871,cust_710981_000071,992647,INR,2024-01-27T02:18:00,captured,0
pay_210766_000872,order_690016_000872,cust_917411_000072,47498,INR,2024-01-27T02:12:00,captured,0
pay_661652_000873,order_460572_000873,cust_530849_000073,60206,INR,2024-01-27T04:51:00,captured,0
pay_609172_000874,order_699809_000874,cust_738543_000074,119642,INR,2024-01-27T05:23:00,captured,0
pay_388792_000875,order_522548_000875,cust_250840_000075,419110,INR,2024-01-27T05:22:00,captured,0
pay_827356_000876,order_521233_000876,cust_140666_000076,273798,INR,2024-01-27T06:27:00,captured,0
pay_349119_000877,order_151685_000877,cust_881975_000077,240815,INR,2024-01-27T07:28:00,captured,0
pay_490532_000878,order_121215_000878,cust_454278_000078,50756,INR,2024-01-27T08:54:00,captured,0
pay_983788_000879,order_615500_000879,cust_999924_000079,859059,INR,2024-01-27T07:35:00,captured,0
pay_339030_000880,order_240913_000880,cust_415076_000080,732317,INR,2024-01-27T08:12:00,captured,0
pay_965938_000881,order_436454_000881,cust_382507_000081,718508,INR,2024-01-27T10:39:00,captured,0
pay_776913_000882,order_193624_000882,cust_297064_000082,210829,INR,2024-01-27T11:17:00,captured,0
pay_963994_000883,order_526949_000883,cust_876936_000083,498193,INR,2024-01-27T11:56:00,captured,0
pay_492073_000884,order_960899_000884,cust_158936_000084,183347,INR,2024-01-27T12:06:00,captured,0
pay_426236_000885,order_844037_000885,cust_631413_000085,171119,INR,2024-01-27T12:08:00,captured,0
pay_992647_000886,order_649753_000886,cust_696296_000086,32772,INR,2024-01-27T13:39:00,captured,0
pay_973390_000887,order_310477_000887,cust_977633_000087,42701,INR,2024-01-27T13:24:00,captured,0
pay_578621_000888,order_153015_000888,cust_477880_000088,604390,INR,2024-01-27T14:04:00,captured,0
pay_486244_000889,order_963508_000889,cust_586768_000089,308112,INR,2024-01-27T15:35:00,captured,0
pay_229890_000890,order_814263_000890,cust_132047_000090,58819,INR,2024-01-27T16:21:00,captured,0
pay_722899_000891,order_567773_000891,cust_286209_000091,407694,INR,2024-01-27T17:02:00,captured,0
pay_466749_000892,order_460971_000892,cust_271456_000092,21847,INR,2024-01-27T18:10:00,captured,0
pay_128783_000893,order_505343_000893,cust_152062_000093,85007,INR,2024-01-27T17:36:00,captured,0
pay_324729_000894,order_998746_000894,cust_332103_000094,218023,INR,2024-01-27T19:39:00,captured,0
pay_316773_000895,order_382154_000895,cust_783238_000095,369107,INR,2024-01-27T20:26:00,captured,0
pay_918207_000896,order_904858_000896,cust_815338_000096,72140,INR,2024-01-27T20:02:00,captured,0
pay_238741_000897,order_778818_000897,cust_281614_000097,104437,INR,2024-01-27T21:56:00,captured,0
pay_364650_000898,order_737894_000898,cust_944193_000098,94245,INR,2024-01-27T21:28:00,captured,0
pay_544393_000899,order_494763_000899,cust_992952_000099,70161,INR,2024-01-27T22:35:00,captured,0
pay_328808_000900,order_589368_000900,cust_416822_000100,772964,INR,2024-01-27T23:32:00,captured,0
pay_753898_000901,order_516444_000901,cust_712879_000101,10963,INR,2024-01-28T00:45:00,captured,0
pay_794530_000902,order_984247_000902,cust_980152_000102,83591,INR,2024-01-28T01:05:00,captured,0
pay_722615_000903,order_738635_000903,cust_396408_000103,99707,INR,2024-01-28T02:22:00,captured,0
pay_605139_000904,order_166938_000904,cust_452618_000104,93964,INR,2024-01-28T01:13:00,captured,0
pay_390334_000905,order_373832_000905,cust_787991_000105,999220,INR,2024-01-28T02:41:00,captured,0
pay_783112_000906,order_413305_000906,cust_297509_000106,77802,INR,2024-01-28T04:54:00,captured,0
pay_351974_000907,order_159532_000907,cust_944554_000107,311863,INR,2024-01-28T05:37:00,captured,0
pay_435109_000908,order_813824_000908,cust_246726_000108,513345,INR,2024-01-28T05:24:00,captured,0
pay_621533_000909,order_409963_000909,cust_372028_000109,312126,INR,2024-01-28T06:23:00,captured,0
pay_872519_000910,order_137034_000910,cust_711344_000110,799914,INR,2024-01-28T06:49:00,captured,0
pay_299140_000911,order_459836_000911,cust_861842_000111,616582,INR,2024-01-28T07:44:00,captured,0
pay_660605_000912,order_769320_000912,cust_923024_000112,452252,INR,2024-01-28T08:27:00,captured,0
pay_631958_000913,order_414777_000913,cust_986486_000113,96194,INR,2024-01-28T08:45:00,captured,0
pay_685365_000914,order_289934_000914,cust_408054_000114,71706,INR,2024-01-28T10:52:00,captured,0
pay_876909_000915,order_371216_000915,cust_860413_000115,499988,INR,2024-01-28T09:16:00,captured,0
pay_291961_000916,order_812730_000916,cust_451936_000116,146818,INR,2024-01-28T11:56:00,captured,0
pay_472541_000917,order_334176_000917,cust_880360_000117,65112,INR,2024-01-28T11:28:00,captured,0
pay_447411_000918,order_489737_000918,cust_373216_000118,254167,INR,2024-01-28T12:40:00,captured,0
pay_992562_000919,order_223502_000919,cust_593393_000119,93151,INR,2024-01-28T12:59:00,captured,0
pay_708502_000920,order_750803_000920,cust_174675_000120,201996,INR,2024-01-28T14:14:00,captured,0
pay_225636_000921,order_813763_000921,cust_500209_000121,256424,INR,2024-01-28T15:04:00,captured,0
pay_156688_000922,order_995735_000922,cust_258102_000122,36253,INR,2024-01-28T14:52:00,captured,0
pay_529068_000923,order_697062_000923,cust_579798_000123,51469,INR,2024-01-28T15:43:00,captured,0
pay_850432_000924,order_289117_000924,cust_916779_000124,73908,INR,2024-01-28T17:50:00,captured,0
pay_761685_000925,order_285413_000925,cust_428638_000125,130415,INR,2024-01-28T17:42:00,captured,0
pay_574012_000926,order_386814_000926,cust_319553_000126,905558,INR,2024-01-28T17:00:00,captured,0
pay_704272_000927,order_901619_000927,cust_266131_000127,146159,INR,2024-01-28T18:21:00,captured,0
pay_744328_000928,order_554779_000928,cust_764259_000128,311494,INR,2024-01-28T19:16:00,captured,0
pay_600590_000929,order_501936_000929,cust_104895_000129,79963,INR,2024-01-28T19:54:00,captured,0
pay_866151_000930,order_491225_000930,cust_114760_000130,79603,INR,2024-01-28T20:25:00,captured,0
pay_118786_000931,order_809621_000931,cust_104324_000131,484619,INR,2024-01-28T21:24:00,captured,0
pay_337256_000932,order_827213_000932,cust_461076_000132,26899,INR,2024-01-28T22:31:00,captured,0
pay_502181_000933,order_627786_000933,cust_717265_000133,31891,INR,2024-01-28T22:13:00,captured,0
pay_963862_000934,order_147939_000934,cust_412687_000134,69759,INR,2024-01-28T23:08:00,captured,0
pay_645561_000935,order_725339_000935,cust_649577_000135,66841,INR,2024-01-29T01:33:00,captured,0
pay_820141_000936,order_240288_000936,cust_459381_000136,288350,INR,2024-01-29T01:53:00,captured,0
pay_297579_000937,order_272892_000937,cust_951452_000137,110026,INR,2024-01-29T02:36:00,captured,0
pay_335217_000938,order_862491_000938,cust_237579_000138,12872,INR,2024-01-29T02:29:00,captured,0
pay_629146_000939,order_277193_000939,cust_229144_000139,95267,INR,2024-01-29T04:15:00,captured,0
pay_139178_000940,order_493417_000940,cust_771425_000140,80088,INR,2024-01-29T04:41:00,captured,0
pay_150947_000941,order_722774_000941,cust_150290_000141,156682,INR,2024-01-29T05:19:00,captured,0
pay_976735_000942,order_120700_000942,cust_150578_000142,560707,INR,2024-01-29T06:23:00,captured,0
pay_565897_000943,order_498724_000943,cust_229598_000143,232507,INR,2024-01-29T05:53:00,captured,0
pay_835962_000944,order_260565_000944,cust_315477_000144,859525,INR,2024-01-29T07:00:00,captured,0
pay_109756_000945,order_415743_000945,cust_541315_000145,152942,INR,2024-01-29T08:20:00,captured,0
pay_645583_000946,order_383091_000946,cust_753050_000146,467382,INR,2024-01-29T09:24:00,captured,0
pay_539170_000947,order_971002_000947,cust_210010_000147,476840,INR,2024-01-29T08:17:00,captured,0
pay_223453_000948,order_396439_000948,cust_219550_000148,75239,INR,2024-01-29T10:19:00,captured,0
pay_738584_000949,order_309452_000949,cust_915749_000149,78569,INR,2024-01-29T10:25:00,captured,0
pay_475308_000950,order_837606_000950,cust_529660_000150,31020,INR,2024-01-29T11:25:00,captured,0
pay_674765_000951,order_620465_000951,cust_317782_000151,989225,INR,2024-01-29T11:05:00,captured,0
pay_446663_000952,order_345896_000952,cust_102871_000152,98032,INR,2024-01-29T13:01:00,captured,0
pay_215795_000953,order_975804_000953,cust_702042_000153,759052,INR,2024-01-29T13:11:00,captured,0
pay_194458_000954,order_917392_000954,cust_636561_000154,23276,INR,2024-01-29T13:19:00,captured,0
pay_368322_000955,order_775636_000955,cust_342389_000155,255200,INR,2024-01-29T15:55:00,captured,0
pay_586830_000956,order_152512_000956,cust_204657_000156,15170,INR,2024-01-29T15:33:00,captured,0
pay_404681_000957,order_477712_000957,cust_940534_000157,663948,INR,2024-01-29T17:49:00,captured,0
pay_874415_000958,order_221531_000958,cust_199613_000158,966769,INR,2024-01-29T16:54:00,captured,0
pay_110142_000959,order_993385_000959,cust_245117_000159,439318,INR,2024-01-29T17:05:00,captured,0
pay_444625_000960,order_474894_000960,cust_558976_000160,240671,INR,2024-01-29T18:21:00,captured,0
pay_868677_000961,order_197466_000961,cust_490722_000161,33969,INR,2024-01-29T19:52:00,captured,0
pay_520245_000962,order_519692_000962,cust_578715_000162,60556,INR,2024-01-29T19:14:00,captured,0
pay_991993_000963,order_601476_000963,cust_938754_000163,440182,INR,2024-01-29T21:28:00,captured,0
pay_935620_000964,order_274880_000964,cust_218548_000164,17686,INR,2024-01-29T22:53:00,captured,0
pay_985364_000965,order_267138_000965,cust_208751_000165,409723,INR,2024-01-29T23:00:00,captured,0
pay_941235_000966,order_696580_000966,cust_811346_000166,195032,INR,2024-01-29T23:01:00,captured,0
pay_498197_000967,order_917012_000967,cust_476018_000167,115108,INR,2024-01-30T00:18:00,captured,0
pay_817712_000968,order_979269_000968,cust_862606_000168,73318,INR,2024-01-30T00:50:00,captured,0
pay_611833_000969,order_218423_000969,cust_531262_000169,124102,INR,2024-01-30T01:57:00,captured,0
pay_374320_000970,order_786789_000970,cust_429502_000170,98857,INR,2024-01-30T01:08:00,captured,0
pay_904812_000971,order_879746_000971,cust_704660_000171,796229,INR,2024-01-30T03:07:00,captured,0
pay_802382_000972,order_454733_000972,cust_644315_000172,460836,INR,2024-01-30T02:28:00,captured,0
pay_748270_000973,order_199868_000973,cust_553873_000173,480974,INR,2024-01-30T04:29:00,captured,0
pay_605339_000974,order_462544_000974,cust_795951_000174,836280,INR,2024-01-30T04:31:00,captured,0
pay_255875_000975,order_979789_000975,cust_966582_000175,421343,INR,2024-01-30T05:49:00,captured,0
pay_112210_000976,order_774652_000976,cust_264550_000176,346042,INR,2024-01-30T05:06:00,captured,0
pay_619920_000977,order_273438_000977,cust_178501_000177,757765,INR,2024-01-30T07:49:00,captured,0
pay_352593_000978,order_446968_000978,cust_391668_000178,76444,INR,2024-01-30T07:41:00,captured,0
pay_677236_000979,order_774567_000979,cust_497030_000179,223207,INR,2024-01-30T07:28:00,captured,0
pay_581395_000980,order_565765_000980,cust_940183_000180,334932,INR,2024-01-30T08:10:00,captured,0
pay_998198_000981,order_622669_000981,cust_568784_000181,25559,INR,2024-01-30T09:11:00,captured,0
pay_881439_000982,order_785111_000982,cust_118632_000182,62879,INR,2024-01-30T11:03:00,captured,0
pay_137572_000983,order_684194_000983,cust_675771_000183,21913,INR,2024-01-30T10:52:00,captured,0
pay_733553_000984,order_749137_000984,cust_768507_000184,76628,INR,2024-01-30T12:41:00,captured,0
pay_316899_000985,order_786393_000985,cust_804091_000185,278705,INR,2024-01-30T13:11:00,captured,0
pay_965401_000986,order_156911_000986,cust_956255_000186,69566,INR,2024-01-30T12:46:00,captured,0
pay_687360_000987,order_904694_000987,cust_749863_000187,348058,INR,2024-01-30T13:42:00,captured,0
pay_789089_000988,order_480941_000988,cust_850689_000188,159781,INR,2024-01-30T15:31:00,captured,0
pay_896204_000989,order_790917_000989,cust_332518_000189,54742,INR,2024-01-30T15:12:00,captured,0
pay_970196_000990,order_764441_000990,cust_938769_000190,81786,INR,2024-01-30T15:45:00,captured,0
pay_492052_000991,order_836201_000991,cust_211486_000191,31516,INR,2024-01-30T17:06:00,captured,0
pay_247271_000992,order_961760_000992,cust_851678_000192,878304,INR,2024-01-30T18:03:00,captured,0
pay_212157_000993,order_366641_000993,cust_740524_000193,34581,INR,2024-01-30T17:52:00,captured,0
pay_993590_000994,order_511981_000994,cust_326061_000194,199918,INR,2024-01-30T18:15:00,captured,0
pay_454349_000995,order_213000_000995,cust_893928_000195,124379,INR,2024-01-30T20:31:00,captured,0
pay_764000_000996,order_978146_000996,cust_804791_000196,164602,INR,2024-01-30T21:58:00,captured,0
pay_572388_000997,order_579605_000997,cust_790441_000197,364344,INR,2024-01-30T21:38:00,captured,0
pay_623059_000998,order_104548_000998,cust_656127_000198,525465,INR,2024-01-30T21:17:00,captured,0
pay_553834_000999,order_979562_000999,cust_713543_000199,366512,INR,2024-01-30T23:10:00,captured,0
